#
# There is insufficient memory for the Java Runtime Environment to continue.
# Native memory allocation (mmap) failed to map 65536 bytes. Error detail: Failed to commit metaspace.
# Possible reasons:
#   The system is out of physical RAM or swap space
#   This process is running with CompressedOops enabled, and the Java Heap may be blocking the growth of the native heap
# Possible solutions:
#   Reduce memory load on the system
#   Increase physical memory or swap space
#   Check if swap backing store is full
#   Decrease Java heap size (-Xmx/-Xms)
#   Decrease number of Java threads
#   Decrease Java thread stack sizes (-Xss)
#   Set larger code cache with -XX:ReservedCodeCacheSize=
#   JVM is running with Unscaled Compressed Oops mode in which the Java heap is
#     placed in the first 4GB address space. The Java Heap base address is the
#     maximum limit for the native heap growth. Please use -XX:HeapBaseMinAddress
#     to set the Java Heap base and to place the Java Heap above 4GB virtual address.
# This output file may be truncated or incomplete.
#
#  Out of Memory Error (virtualSpaceNode.cpp:113), pid=13852, tid=10692
#
# JRE version: OpenJDK Runtime Environment (25.0.3) (build 25.0.3+-15898627-b508.16)
# Java VM: OpenJDK 64-Bit Server VM (25.0.3+-15898627-b508.16, mixed mode, tiered, compressed oops, compressed class ptrs, g1 gc, windows-amd64)
# No core dump will be written. Minidumps are not enabled by default on client versions of Windows
#

---------------  S U M M A R Y ------------

Command Line: --add-opens=java.base/java.lang=ALL-UNNAMED --add-opens=java.base/java.lang.invoke=ALL-UNNAMED --add-opens=java.base/java.util=ALL-UNNAMED --add-opens=java.prefs/java.util.prefs=ALL-UNNAMED --add-exports=jdk.compiler/com.sun.tools.javac.api=ALL-UNNAMED --add-exports=jdk.compiler/com.sun.tools.javac.util=ALL-UNNAMED --add-opens=java.base/java.nio.charset=ALL-UNNAMED --add-opens=java.base/java.net=ALL-UNNAMED --add-opens=java.base/java.util.concurrent=ALL-UNNAMED --add-opens=java.base/java.util.concurrent.atomic=ALL-UNNAMED --add-opens=java.xml/javax.xml.namespace=ALL-UNNAMED --add-opens=java.base/java.time=ALL-UNNAMED --enable-native-access=ALL-UNNAMED -Xmx2048m -Dfile.encoding=UTF-8 -Duser.country=US -Duser.language=en -Duser.variant -javaagent:C:\Users\user\.gradle\wrapper\dists\gradle-9.6.0-bin\42k10rwplmzkhuboz9kdazi7s\gradle-9.6.0\lib\agents\gradle-instrumentation-agent-9.6.0.jar org.gradle.launcher.daemon.bootstrap.GradleDaemon 9.6.0

Host: AMD Ryzen 3 7320U with Radeon Graphics         , 8 cores, 3G,  Windows 11 , 64 bit Build 26100 (10.0.26100.9444)
Time: Thu Sep 24 21:02:14 2026 South Africa Standard Time elapsed time: 292.414305 seconds (0d 0h 4m 52s)

---------------  T H R E A D  ---------------

Current thread (0x000001c03474a300):  JavaThread "idea-tooling-model-converter"        [_thread_in_vm, id=10692, stack(0x00000085af200000,0x00000085af300000) (1024K)]

Stack: [0x00000085af200000,0x00000085af300000]
Native frames: (J=compiled Java code, j=interpreted, Vv=VM code, C=native code)
V  [jvm.dll+0x7bf039]  (no source info available)
V  [jvm.dll+0x78912d]  (no source info available)
V  [jvm.dll+0xa0e615]  (no source info available)
V  [jvm.dll+0xa10c94]  (no source info available)
V  [jvm.dll+0xa11393]  (no source info available)
V  [jvm.dll+0x30a116]  (no source info available)
V  [jvm.dll+0xa0a6fe]  (no source info available)
V  [jvm.dll+0x753f35]  (no source info available)
V  [jvm.dll+0x2647e1]  (no source info available)
V  [jvm.dll+0x2645ae]  (no source info available)
V  [jvm.dll+0x756a89]  (no source info available)
V  [jvm.dll+0x756668]  (no source info available)
V  [jvm.dll+0x2a84dc]  (no source info available)
V  [jvm.dll+0x75497e]  (no source info available)
V  [jvm.dll+0x2f0080]  (no source info available)
V  [jvm.dll+0x297c3e]  (no source info available)
V  [jvm.dll+0x28d4a2]  (no source info available)
V  [jvm.dll+0x67ee01]  (no source info available)
V  [jvm.dll+0x97c862]  (no source info available)
V  [jvm.dll+0x97c98b]  (no source info available)
V  [jvm.dll+0x527b70]  (no source info available)
V  [jvm.dll+0x52d798]  (no source info available)
C  [java.dll+0x17c2]  (no source info available)

Java frames: (J=compiled Java code, j=interpreted, Vv=VM code)
J 969  java.lang.ClassLoader.defineClass1(Ljava/lang/ClassLoader;Ljava/lang/String;[BIILjava/security/ProtectionDomain;Ljava/lang/String;)Ljava/lang/Class; java.base@25.0.3 (0 bytes) @ 0x000001c02135b241 [0x000001c02135b180+0x00000000000000c1]
J 10259 c2 java.lang.ClassLoader.defineClass(Ljava/lang/String;[BIILjava/security/ProtectionDomain;)Ljava/lang/Class; java.base@25.0.3 (43 bytes) @ 0x000001c0216ae7b0 [0x000001c0216ae700+0x00000000000000b0]
J 10453 c2 java.security.SecureClassLoader.defineClass(Ljava/lang/String;[BIILjava/security/CodeSource;)Ljava/lang/Class; java.base@25.0.3 (16 bytes) @ 0x000001c0214349ac [0x000001c021434880+0x000000000000012c]
J 12012 c2 java.net.URLClassLoader.findClass(Ljava/lang/String;)Ljava/lang/Class; java.base@25.0.3 (77 bytes) @ 0x000001c021785c80 [0x000001c021784e00+0x0000000000000e80]
J 4623 c2 java.lang.ClassLoader.loadClass(Ljava/lang/String;Z)Ljava/lang/Class; java.base@25.0.3 (121 bytes) @ 0x000001c0214c2a2c [0x000001c0214bf5a0+0x000000000000348c]
J 3909 c2 java.lang.ClassLoader.loadClass(Ljava/lang/String;)Ljava/lang/Class; java.base@25.0.3 (7 bytes) @ 0x000001c021338f3c [0x000001c021338f00+0x000000000000003c]
v  ~StubRoutines::call_stub 0x000001c020d712ed
J 969  java.lang.ClassLoader.defineClass1(Ljava/lang/ClassLoader;Ljava/lang/String;[BIILjava/security/ProtectionDomain;Ljava/lang/String;)Ljava/lang/Class; java.base@25.0.3 (0 bytes) @ 0x000001c02135b241 [0x000001c02135b180+0x00000000000000c1]
J 10259 c2 java.lang.ClassLoader.defineClass(Ljava/lang/String;[BIILjava/security/ProtectionDomain;)Ljava/lang/Class; java.base@25.0.3 (43 bytes) @ 0x000001c0216ae7b0 [0x000001c0216ae700+0x00000000000000b0]
J 10453 c2 java.security.SecureClassLoader.defineClass(Ljava/lang/String;[BIILjava/security/CodeSource;)Ljava/lang/Class; java.base@25.0.3 (16 bytes) @ 0x000001c0214349ac [0x000001c021434880+0x000000000000012c]
J 12012 c2 java.net.URLClassLoader.findClass(Ljava/lang/String;)Ljava/lang/Class; java.base@25.0.3 (77 bytes) @ 0x000001c021785c80 [0x000001c021784e00+0x0000000000000e80]
J 4623 c2 java.lang.ClassLoader.loadClass(Ljava/lang/String;Z)Ljava/lang/Class; java.base@25.0.3 (121 bytes) @ 0x000001c0214c2a2c [0x000001c0214bf5a0+0x000000000000348c]
J 3909 c2 java.lang.ClassLoader.loadClass(Ljava/lang/String;)Ljava/lang/Class; java.base@25.0.3 (7 bytes) @ 0x000001c021338f3c [0x000001c021338f00+0x000000000000003c]
v  ~StubRoutines::call_stub 0x000001c020d712ed
j  com.amazon.ion.impl.lite._Private_LiteDomTrampoline.newLiteSystem(Lcom/amazon/ion/system/IonTextWriterBuilder;Lcom/amazon/ion/impl/_Private_IonBinaryWriterBuilder;Lcom/amazon/ion/system/IonReaderBuilder;)Lcom/amazon/ion/IonSystem;+0
j  com.amazon.ion.system.IonSystemBuilder.build()Lcom/amazon/ion/IonSystem;+83
j  com.amazon.ion.impl._Private_IonBinaryWriterBuilder.fillDefaults()Lcom/amazon/ion/impl/_Private_IonBinaryWriterBuilder;+15
j  com.amazon.ion.impl._Private_IonBinaryWriterBuilder.build(Ljava/io/OutputStream;)Lcom/amazon/ion/IonWriter;+1
j  org.jetbrains.plugins.gradle.tooling.serialization.internal.IdeaProjectSerializationService.write(Lorg/gradle/tooling/model/idea/IdeaProject;Ljava/lang/Class;)[B+12
j  org.jetbrains.plugins.gradle.tooling.serialization.internal.IdeaProjectSerializationService.write(Ljava/lang/Object;Ljava/lang/Class;)[B+6
j  com.intellij.gradle.toolingExtension.impl.modelSerialization.ToolingSerializer.write(Ljava/lang/Object;)[B+63
j  com.intellij.gradle.toolingExtension.impl.modelSerialization.ToolingSerializerConverter.lambda$convert$1(Ljava/lang/Object;Lio/opentelemetry/api/trace/Span;)Ljava/lang/Object;+21
j  com.intellij.gradle.toolingExtension.impl.modelSerialization.ToolingSerializerConverter$$Lambda+0x000000001f4604a8.apply(Ljava/lang/Object;)Ljava/lang/Object;+12
j  com.intellij.gradle.toolingExtension.impl.telemetry.GradleOpenTelemetry.callWithSpan(Ljava/lang/String;Ljava/util/function/Consumer;Ljava/util/function/Function;)Ljava/lang/Object;+66
j  com.intellij.gradle.toolingExtension.impl.telemetry.GradleOpenTelemetry.lambda$callWithSpan$1(Ljava/lang/String;Ljava/util/function/Function;Lcom/intellij/gradle/toolingExtension/impl/telemetry/GradleOpenTelemetry;)Ljava/lang/Object;+8
j  com.intellij.gradle.toolingExtension.impl.telemetry.GradleOpenTelemetry$$Lambda+0x000000001f437640.apply(Ljava/lang/Object;)Ljava/lang/Object;+12
j  com.intellij.gradle.toolingExtension.impl.telemetry.GradleOpenTelemetry.withOpenTelemetry(Ljava/util/function/Function;)Ljava/lang/Object;+19
j  com.intellij.gradle.toolingExtension.impl.telemetry.GradleOpenTelemetry.callWithSpan(Ljava/lang/String;Ljava/util/function/Function;)Ljava/lang/Object;+23
j  com.intellij.gradle.toolingExtension.impl.modelSerialization.ToolingSerializerConverter.convert(Ljava/lang/Object;)Ljava/lang/Object;+9
j  com.intellij.gradle.toolingExtension.impl.modelAction.GradleDaemonModelHolder$1.lambda$consumeModel$0(Ljava/lang/Object;Lcom/intellij/gradle/toolingExtension/impl/modelAction/GradleModelId;)Lcom/intellij/gradle/toolingExtension/impl/modelAction/GradleDaemonModelHolder$ConvertedModel;+8
j  com.intellij.gradle.toolingExtension.impl.modelAction.GradleDaemonModelHolder$1$$Lambda+0x000000001f460000.call()Ljava/lang/Object;+12
j  io.opentelemetry.context.Context.lambda$wrap$2(Ljava/util/concurrent/Callable;)Ljava/lang/Object;+8
j  io.opentelemetry.context.Context$$Lambda+0x000000001f459500.call()Ljava/lang/Object;+8
J 11337 c2 java.util.concurrent.FutureTask.run()V java.base@25.0.3 (123 bytes) @ 0x000001c021738cc4 [0x000001c021738100+0x0000000000000bc4]
j  java.util.concurrent.ThreadPoolExecutor.runWorker(Ljava/util/concurrent/ThreadPoolExecutor$Worker;)V+92 java.base@25.0.3
j  java.util.concurrent.ThreadPoolExecutor$Worker.run()V+5 java.base@25.0.3
j  java.lang.Thread.runWith(Ljava/lang/Object;Ljava/lang/Runnable;)V+5 java.base@25.0.3
j  java.lang.Thread.run()V+19 java.base@25.0.3
v  ~StubRoutines::call_stub 0x000001c020d712ed
Lock stack of current Java thread (top to bottom):
LockStack[2]: java.lang.Object 
{0x000000008bc9e438} - klass: 'java/lang/Object' - flags: 

 - ---- fields (total size 2 words):
LockStack[1]: java.lang.Object 
{0x000000008bc9a640} - klass: 'java/lang/Object' - flags: 

 - ---- fields (total size 2 words):
LockStack[0]: [I 
{0x000000008bc39d10} - klass: {type array int} - flags: is_cloneable_fast 

 - length: 0


Compiled method (n/a) 292970  969     n 0       java.lang.ClassLoader::defineClass1 (native)
 total in heap  [0x000001c02135b088,0x000001c02135b4a8] = 1056
 main code      [0x000001c02135b180,0x000001c02135b4a8] = 808
 mutable data [0x000001c02ead7130,0x000001c02ead7150] = 32
 relocation     [0x000001c02ead7130,0x000001c02ead7150] = 32

[Constant Pool (empty)]

[MachCode]
[Entry Point]
  # {method} {0x000001c02f024a20} 'defineClass1' '(Ljava/lang/ClassLoader;Ljava/lang/String;[BIILjava/security/ProtectionDomain;Ljava/lang/String;)Ljava/lang/Class;' in 'java/lang/ClassLoader'
  # parm0:    rdx:rdx   = 'java/lang/ClassLoader'
  # parm1:    r8:r8     = 'java/lang/String'
  # parm2:    r9:r9     = '[B'
  # parm3:    rdi       = int
  # parm4:    rsi       = int
  # parm5:    rcx:rcx   = 'java/security/ProtectionDomain'
  # parm6:    [sp+0xa0]   = 'java/lang/String'  (sp of caller)
  0x000001c02135b180: 6690 448b | 5208 443b 

  0x000001c02135b188: ;   {runtime_call Shared Runtime ic_miss_blob}
  0x000001c02135b188: 5008 0f85 | 5039 a6ff 
[Verified Entry Point]
  0x000001c02135b190: 8984 2400 | 80ff ff55 | 488b ec48 | 81ec 9000 | 0000 6690 | 4181 7f20 | 1f00 0000 

  0x000001c02135b1ac: ;   {runtime_call Stub::method_entry_barrier}
  0x000001c02135b1ac: 7405 e8ad | dea4 ff48 | 837d 1000 | 488d 4510 | 480f 4445 | 1048 8944 | 2440 4889 | 4c24 7048 
  0x000001c02135b1cc: 83f9 0048 | 8d44 2470 | 480f 4444 | 2470 4889 | 4424 3848 | 8974 2430 | 4889 7c24 | 284c 894c 
  0x000001c02135b1ec: 2458 4983 | f900 488d | 4424 5848 | 0f44 4424 | 5848 8944 | 2420 4c89 | 4424 5049 | 83f8 004c 
  0x000001c02135b20c: 8d4c 2450 | 4c0f 444c | 2450 4889 | 5424 4848 | 83fa 004c | 8d44 2448 | 4c0f 4444 

  0x000001c02135b228: ;   {oop(a 'java/lang/Class'{0x0000000080a24a80} = 'java/lang/ClassLoader')}
  0x000001c02135b228: 2448 49be | 804a a280 | 0000 0000 | 4c89 7424 | 784c 8d74 | 2478 498b | d6c5 f877 

  0x000001c02135b244: ;   {internal_word}
  0x000001c02135b244: 49ba 41b2 | 3521 c001 | 0000 4d89 | 9730 0400 | 0049 89a7 | 2804 0000 | 498d 8f48 | 0400 0041 
  0x000001c02135b264: c787 d404 | 0000 0400 

  0x000001c02135b26c: ;   {runtime_call}
  0x000001c02135b26c: 0000 48b8 | 8016 4505 | f87f 0000 | ffd0 c5f8 | 7741 c787 | d404 0000 | 0500 0000 | f083 4424 
  0x000001c02135b28c: c000 493b | 6f28 0f87 | 0e00 0000 | 4183 bfd0 | 0400 0000 | 0f84 2b00 | 0000 c5f8 | 7748 8945 
  0x000001c02135b2ac: f849 8bcf | 4c8b e448 | 83ec 2048 

  0x000001c02135b2b8: ;   {runtime_call}
  0x000001c02135b2b8: 83e4 f048 | b8a0 8700 | 70ff 7f00 | 00ff d049 | 8be4 4d33 | e448 8b45 | f841 c787 | d404 0000 
  0x000001c02135b2d8: 0800 0000 | 4183 bf50 | 0500 0002 | 0f84 9101 | 0000 49c7 | 8728 0400 | 0000 0000 | 0049 c787 
  0x000001c02135b2f8: 3004 0000 | 0000 0000 | c5f8 7748 | 85c0 0f84 | 2f01 0000 | a803 0f85 | 0800 0000 | 488b 00e9 
  0x000001c02135b318: 1f01 0000 | a801 0f85 | 0900 0000 | 488b 40fe | e90e 0100 | 0048 8b40 | ff41 807f | 4800 0f84 
  0x000001c02135b338: ff00 0000 | 4883 f800 | 0f84 f500 | 0000 498b | 4f38 4885 | c90f 8414 | 0000 0048 | 83e9 0849 
  0x000001c02135b358: 894f 3849 | 034f 4048 | 8901 e9d4 | 0000 0048 | 83ec 7048 | 8904 2448 | 894c 2408 | 4889 5424 
  0x000001c02135b378: 104c 8944 | 2418 4c89 | 4c24 204c | 8954 2428 | 4c89 5c24 | 30c5 fb11 | 4424 40c5 | fb11 4c24 
  0x000001c02135b398: 48c5 fb11 | 5424 50c5 | fb11 5c24 | 58c5 fb11 | 6424 60c5 | fb11 6c24 | 6849 8bd7 | 488b c848 
  0x000001c02135b3b8: ;   {other}
  0x000001c02135b3b8: 83ec 2040 | f6c4 0f0f | 8419 0000 | 0048 83ec 

  0x000001c02135b3c8: ;   {runtime_call}
  0x000001c02135b3c8: 0848 b850 | fbf2 6fff | 7f00 00ff | d048 83c4 | 08e9 0c00 

  0x000001c02135b3dc: ;   {runtime_call}
  0x000001c02135b3dc: 0000 48b8 | 50fb f26f | ff7f 0000 | ffd0 4883 | c420 c5fb | 106c 2468 | c5fb 1064 | 2460 c5fb 
  0x000001c02135b3fc: 105c 2458 | c5fb 1054 | 2450 c5fb | 104c 2448 | c5fb 1044 | 2440 4c8b | 5c24 304c | 8b54 2428 
  0x000001c02135b41c: 4c8b 4c24 | 204c 8b44 | 2418 488b | 5424 1048 | 8b4c 2408 | 488b 0424 | 4883 c470 | c5f8 7749 
  0x000001c02135b43c: 8b8f b804 | 0000 c781 | 0001 0000 | 0000 0000 

  0x000001c02135b44c: ;   {poll_return}
  0x000001c02135b44c: c941 f647 | 2801 7416 

  0x000001c02135b454: ;   {internal_word}
  0x000001c02135b454: 49ba 4db4 | 3521 c001 | 0000 4d89 | 97e0 0400 

  0x000001c02135b464: ;   {runtime_call SafepointBlob}
  0x000001c02135b464: 00e9 f65a | a6ff 4983 | 7f08 000f | 8501 0000 

  0x000001c02135b474: ;   {runtime_call Stub::forward_exception}
  0x000001c02135b474: 00c3 e965 | 5da1 ffc5 | f877 4889 | 45f8 4c8b | e448 83ec | 2048 83e4 

  0x000001c02135b48c: ;   {runtime_call}
  0x000001c02135b48c: f048 b870 | 993a 70ff | 7f00 00ff | d049 8be4 | 4d33 e448 | 8b45 f8e9 | 42fe ffff 
[/MachCode]


Compiled method (c2) 292985 10259       4       java.lang.ClassLoader::defineClass (43 bytes)
 total in heap  [0x000001c0216ae608,0x000001c0216b0560] = 8024
 main code      [0x000001c0216ae700,0x000001c0216b0480] = 7552
 stub code      [0x000001c0216b0480,0x000001c0216b0548] = 200
 oops           [0x000001c0216b0548,0x000001c0216b0560] = 24
 mutable data [0x000001c03650e4d0,0x000001c03650e918] = 1096
 relocation     [0x000001c03650e4d0,0x000001c03650e708] = 568
 metadata       [0x000001c03650e708,0x000001c03650e918] = 528
 immutable data [0x000001c0380d1680,0x000001c0380d26a0] = 4128
 dependencies   [0x000001c0380d1680,0x000001c0380d1708] = 136
 nul chk table  [0x000001c0380d1708,0x000001c0380d1790] = 136
 handler table  [0x000001c0380d1790,0x000001c0380d1988] = 504
 scopes pcs     [0x000001c0380d1988,0x000001c0380d1dc8] = 1088
 scopes data    [0x000001c0380d1dc8,0x000001c0380d26a0] = 2264

[Constant Pool (empty)]

[MachCode]
[Instructions begin]
  0x000001c0216ae700: 6690 448b | 5208 443b 

  0x000001c0216ae708: ;   {runtime_call Shared Runtime ic_miss_blob}
  0x000001c0216ae708: 5008 0f85 | d003 71ff 
[Verified Entry Point]
  0x000001c0216ae710: 8984 2400 | 80ff ff55 | 4881 eca0 | 0000 0090 | 4181 7f20 | 1f00 0000 | 0f85 481d | 0000 8974 
  0x000001c0216ae730: 243c 897c | 2438 4c89 | 4c24 304c | 8944 2420 | 4889 5424 | 284c 8bc9 

  0x000001c0216ae748: ;   {optimized virtual_call}
  0x000001c0216ae748: c5f8 77e8 

  0x000001c0216ae74c: ; ImmutableOopMap {[32]=Oop [40]=Oop [48]=Oop }
                      ;*invokevirtual preDefineClass {reexecute=0 rethrow=0 return_oop=1}
                      ; - java.lang.ClassLoader::defineClass@4
  0x000001c0216ae74c: c08e faff 

  0x000001c0216ae750: ;   {post_call_nop}
  0x000001c0216ae750: 0f1f 8400 | 4801 0000 | 4889 4424 | 4044 8b40 | 1041 8b68 | 0c44 8b55 | 3845 85d2 | 0f84 a911 
  0x000001c0216ae770: 0000 498b | d24c 8bc5 

  0x000001c0216ae778: ;   {optimized virtual_call}
  0x000001c0216ae778: c5f8 77e8 

  0x000001c0216ae77c: ; ImmutableOopMap {[32]=Oop [40]=Oop [48]=Oop [64]=Oop }
                      ;*invokevirtual toExternalForm {reexecute=0 rethrow=0 return_oop=1}
                      ; - java.net.URL::toExternalForm@5
                      ; - java.net.URL::toString@1
                      ; - java.lang.ClassLoader::defineClassSourceLocation@22
                      ; - java.lang.ClassLoader::defineClass@12
  0x000001c0216ae77c: 9016 daff 

  0x000001c0216ae780: ;   {post_call_nop}
  0x000001c0216ae780: 0f1f 8400 | 7801 0001 | 488b 5424 | 284c 8b44 | 2420 4c8b | 4c24 308b | 7c24 388b | 7424 3c48 
  0x000001c0216ae7a0: 8b4c 2440 | 4889 0424 

  0x000001c0216ae7a8: ;   {static_call}
  0x000001c0216ae7a8: c5f8 77e8 

  0x000001c0216ae7ac: ; ImmutableOopMap {[40]=Oop [64]=Oop }
                      ;*invokestatic defineClass1 {reexecute=0 rethrow=0 return_oop=1}
                      ; - java.lang.ClassLoader::defineClass@27
  0x000001c0216ae7ac: e0c9 caff 

  0x000001c0216ae7b0: ;   {post_call_nop}
  0x000001c0216ae7b0: 0f1f 8400 | a801 0002 | 4889 4424 | 6844 8b50 | 4445 85d2 | 7408 498b | c2e9 4b03 | 0000 448b 
  0x000001c0216ae7d0: 5048 4585 | d20f 85fd | 1200 000f | b668 2a85 | ed0f 8525 | 1300 0044 | 8b58 3045 | 85db 0f84 
  0x000001c0216ae7f0: 030a 0000 | 4d8b c341 | 8b48 148b | 790c 410f | be50 10c4 | 626a f7cf | 418d 59ff | 85d2 0f85 
  0x000001c0216ae810: 8712 0000 | 4c8b d14c | 8994 2480 | 0000 0044 | 8d5f ff44 | 3bdb 440f | 4fdb 4585 | db0f 8cd5 
  0x000001c0216ae830: 0000 0085 | ff0f 86f5 | 1000 0044 | 3bdf 0f83 | ec10 0000 | 458d 53ff | 420f be5c | 1910 83fb 
  0x000001c0216ae850: 2e0f 84c8 | 0000 0041 | 8d5b ff41 | 3bda 7e05 | 448b dbeb | e383 fb02 | 0f8e 0611 | 0000 41ff 
  0x000001c0216ae870: cbbe a00f | 0000 418d | 53fe 33db | 4183 fb02 | 0f4c d381 | faa0 0f00 | 000f 47d6 | 458b d344 
  0x000001c0216ae890: 2bd2 0f1f | 8000 0000 | 000f 1f80 | 0000 0000 | 4963 db0f | be44 1910 | 83f8 2e74 

  0x000001c0216ae8ac: ;   {other}
  0x000001c0216ae8ac: 720f be44 | 190f 83f8 | 2e74 590f | be44 190e | 83f8 2e74 | 540f be54 | 190d 83fa | 2e74 5041 
  0x000001c0216ae8cc: 83c3 fc45 | 3bda 7fcc | 498b 6f30 | 4c8b 5424 | 6848 8b54 | 2440 498b 

  0x000001c0216ae8e4: ; ImmutableOopMap {r8=Oop rcx=NarrowOop rdx=Oop rax=Oop [40]=Oop [64]=Oop [104]=Oop [128]=Oop }
                      ;*goto {reexecute=1 rethrow=0 return_oop=0}
                      ; - (reexecute) java.lang.StringLatin1::lastIndexOf@35
                      ; - java.lang.String::lastIndexOf@13
                      ; - java.lang.String::lastIndexOf@8
                      ; - java.lang.Class::getPackageName@47
                      ; - java.lang.ClassLoader::postDefineClass@2
                      ; - java.lang.ClassLoader::defineClass@37
                      ;   {poll}
  0x000001c0216ae8e4: c285 4500 | 4183 fb02 | 7f88 4183 | fbff 7e14 | 420f be5c | 1910 83fb | 2e74 2041 | ffcb 4183 
  0x000001c0216ae904: fbff 7fec | 41bb ffff | ffff eb0f | 41ff cbeb | 0a41 83c3 | feeb 0441 

  0x000001c0216ae91c: ;   {oop(""{0x00000000806dbd38})}
  0x000001c0216ae91c: 83c3 fd48 | b838 bd6d | 8000 0000 | 0041 83fb | ff0f 8432 | 0a00 0045 | 8d51 0145 | 3bda 0f83 
  0x000001c0216ae93c: f811 0000 | 453b d90f | 84f7 0800 | 0045 85db | 0f84 8909 | 0000 498b | 9fc8 0100 | 004c 8bd3 
  0x000001c0216ae95c: 4983 c218 | 4d3b 97d8 | 0100 000f | 83f6 0d00 | 004d 8997 | c801 0000 | 410f 1882 | 0001 0000 
  0x000001c0216ae97c: 48c7 0301 

  0x000001c0216ae980: ;   {metadata('java/lang/String')}
  0x000001c0216ae980: 0000 00c7 | 4308 8021 | 001e 4489 | 630c 4c89 | 6310 4c8d | 5110 443b | df0f 84a9 | 0800 0041 
  0x000001c0216ae9a0: 3bfb 8bef | 410f 4feb | 3bfd 0f82 | 9c10 0000 | 443b dd0f | 8293 1000 | 0045 8bcb | 4d63 c949 
  0x000001c0216ae9c0: 83c1 1749 | 8bf9 4883 | e7f8 4181 | fb00 0010 | 000f 8733 | 0e00 0049 | 8bb7 c801 | 0000 4c8b 
  0x000001c0216ae9e0: c64c 03c7 | 4d3b 87d8 | 0100 000f | 8319 0e00 | 004d 8987 | c801 0000 | 410f 1880 | 0001 0000 
  0x000001c0216aea00: 48c7 0601 | 0000 0041 | 0f18 8040 

  0x000001c0216aea0c: ;   {metadata({type array byte})}
  0x000001c0216aea0c: 0100 00c7 | 4608 180b | 001e 4489 | 5e0c 410f | 1880 8001 | 0000 488b | d648 83c2 | 1049 c1e9 
  0x000001c0216aea2c: 0385 ed0f | 847f 0f00 | 0041 3beb | 0f8c 3209 | 0000 4883 | c7f0 48c1 | ef03 498b | ca4c 8bc7 
  0x000001c0216aea4c: ;   {runtime_call Stub::jlong_disjoint_arraycopy}
  0x000001c0216aea4c: c5f8 7749 | ba00 74da | 20c0 0100 | 0041 ffd2 

  0x000001c0216aea5c: ;   {post_call_nop}
  0x000001c0216aea5c: 0f1f 8400 | 0000 0000 | 4488 6310 | 4c8d 5314 | 4180 7f48 | 000f 85de | 1500 004c | 8bde 4589 
  0x000001c0216aea7c: 1a4d 8bc2 | 4c33 c649 | c1e8 140f | 841e 0000 | 004d 8bc2 | 49c1 e809 | 49bb 0000 | 2b29 c001 
  0x000001c0216aea9c: 0000 4d03 | c341 8038 | 020f 850e | 1600 0048 | 8bd3 488b | 6c24 2890 

  0x000001c0216aeab4: ;   {optimized virtual_call}
  0x000001c0216aeab4: c5f8 77e8 

  0x000001c0216aeab8: ; ImmutableOopMap {rbp=Oop [40]=Oop [64]=Oop [104]=Oop }
                      ;*invokevirtual intern {reexecute=0 rethrow=0 return_oop=1}
                      ; - java.lang.Class::getPackageName@65
                      ; - java.lang.ClassLoader::postDefineClass@2
                      ; - java.lang.ClassLoader::defineClass@37
  0x000001c0216aeab8: 540b c8ff 

  0x000001c0216aeabc: ;   {post_call_nop}
  0x000001c0216aeabc: 0f1f 8400 | b404 0004 | 4c8b d048 | 8b4c 2468 | 4c8d 4144 | 4180 7f48 | 000f 8535 | 1600 0045 
  0x000001c0216aeadc: 8910 458b | ca4d 8bd8 | 4d33 d949 | c1eb 140f | 8428 0000 | 0049 83f9 | 000f 841e | 0000 004d 
  0x000001c0216aeafc: 8bd8 49c1 | eb09 49b9 | 0000 2b29 | c001 0000 | 4d03 d941 | 803b 020f | 8565 1600 | 004c 8b54 
  0x000001c0216aeb1c: 2428 458b | 5238 458b | 5a14 4c8b | e88b 580c | 4c8b 4424 | 6845 8b48 | 3485 db0f | 84b0 0400 
  0x000001c0216aeb3c: 0045 85db | 0f84 c300 | 0000 418b | 6b0c 85ed | 0f86 ce0e | 0000 448b | d341 c1ea | 1044 33d3 
  0x000001c0216aeb5c: ffcd 4181 | e2ff ffff | 7f41 23ea | 458b 44ab | 1045 85c0 | 0f84 9300 | 0000 418b | 480c 413b 
  0x000001c0216aeb7c: ca0f 840d | 0200 0085 | c90f 8d63 | 0300 0045 

  0x000001c0216aeb8c: ;   {metadata('java/util/concurrent/ConcurrentHashMap$ReservationNode')}
  0x000001c0216aeb8c: 8b58 0841 | 81fb 4897 | 021e 7471 

  0x000001c0216aeb98: ;   {metadata('java/util/concurrent/ConcurrentHashMap$ForwardingNode')}
  0x000001c0216aeb98: 4181 fbf8 | b40e 1e0f | 85c7 1100 | 0044 894c | 2450 4889 | 4424 484c | 8b5c 2440 | 4c89 5c24 
  0x000001c0216aebb8: 304c 8b5c | 2428 4c89 | 5c24 2049 | 8bd0 458b | c24c 8bc8 

  0x000001c0216aebcc: ;   {optimized virtual_call}
  0x000001c0216aebcc: c5f8 77e8 

  0x000001c0216aebd0: ; ImmutableOopMap {[32]=Oop [48]=Oop [72]=Oop [80]=NarrowOop [104]=Oop }
                      ;*invokevirtual find {reexecute=0 rethrow=0 return_oop=1}
                      ; - java.util.concurrent.ConcurrentHashMap::get@93
                      ; - java.lang.ClassLoader::getNamedPackage@5
                      ; - java.lang.ClassLoader::postDefineClass@9
                      ; - java.lang.ClassLoader::defineClass@37
  0x000001c0216aebd0: 0c02 71ff 

  0x000001c0216aebd4: ;   {post_call_nop}
  0x000001c0216aebd4: 0f1f 8400 | cc05 0005 | 4885 c00f | 84a4 0c00 | 008b 6814 | 85ed 0f84 | 880e 0000 | 4c8b 5424 
  0x000001c0216aebf4: 204c 8954 | 2428 4c8b | 5424 304c | 8954 2440 | e988 0300 | 0049 8b87 | c801 0000 | 4c8b d049 
  0x000001c0216aec14: 83c2 184d | 3b97 d801 | 0000 0f83 | 920b 0000 | 4d89 97c8 | 0100 0041 | 0f18 8200 | 0100 0048 
  0x000001c0216aec34: c700 0100 

  0x000001c0216aec38: ;   {metadata('java/lang/NamedPackage')}
  0x000001c0216aec38: 0000 c740 | 08b0 700e | 1e44 8960 | 0c4c 8960 | 1045 8b5d | 1445 8b53 | 0c45 85d2 | 0f86 9006 
  0x000001c0216aec58: 0000 488b | e844 894c | 2430 4c89 | 6c24 2049 | 8bd5 6690 

  0x000001c0216aec6c: ;   {optimized virtual_call}
  0x000001c0216aec6c: c5f8 77e8 

  0x000001c0216aec70: ; ImmutableOopMap {rbp=Oop [32]=Oop [40]=Oop [48]=NarrowOop [64]=Oop [104]=Oop }
                      ;*invokevirtual intern {reexecute=0 rethrow=0 return_oop=1}
                      ; - java.lang.NamedPackage::<init>@47
                      ; - java.lang.ClassLoader::getNamedPackage@22
                      ; - java.lang.ClassLoader::postDefineClass@9
                      ; - java.lang.ClassLoader::defineClass@37
  0x000001c0216aec70: 9c09 c8ff 

  0x000001c0216aec74: ;   {post_call_nop}
  0x000001c0216aec74: 0f1f 8400 | 6c06 0006 | 488b cd4c | 8d59 0c41 | 807f 4800 | 0f85 5115 | 0000 4c8b | c045 8903 
  0x000001c0216aec94: 4d8b cb4c | 33c8 49c1 | e914 0f84 | 2800 0000 | 4883 f800 | 0f84 1e00 | 0000 4d8b | cb49 c1e9 
  0x000001c0216aecb4: 0949 b800 | 002b 29c0 | 0100 004d | 03c8 4180 | 3902 0f85 | 8b15 0000 | 448b 5c24 | 304c 8d41 
  0x000001c0216aecd4: 1041 807f | 4800 0f85 | e215 0000 | 4589 1845 | 8bcb 4d8b | d04d 33d1 | 49c1 ea14 | 0f84 2800 
  0x000001c0216aecf4: 0000 4983 | f900 0f84 | 1e00 0000 | 4d8b d049 | c1ea 0949 | b900 002b | 29c0 0100 | 004d 03d1 
  0x000001c0216aed14: 4180 3a02 | 0f85 1216 | 0000 4c8b | 4424 2845 | 8b50 3845 | 85d2 0f84 | 4c0c 0000 | 4889 4c24 
  0x000001c0216aed34: 3849 8bd2 | 4c8b 4424 | 204c 8bc9 

  0x000001c0216aed40: ;   {optimized virtual_call}
  0x000001c0216aed40: c5f8 77e8 

  0x000001c0216aed44: ; ImmutableOopMap {rbp=Oop [40]=Oop [48]=NarrowOop [56]=Oop [64]=Oop [104]=Oop }
                      ;*invokevirtual putIfAbsent {reexecute=0 rethrow=0 return_oop=1}
                      ; - java.lang.ClassLoader::getNamedPackage@32
                      ; - java.lang.ClassLoader::postDefineClass@9
                      ; - java.lang.ClassLoader::defineClass@37
  0x000001c0216aed44: c84d d1ff 

  0x000001c0216aed48: ;   {post_call_nop}
  0x000001c0216aed48: 0f1f 8400 | 4007 0007 | 4885 c00f | 8456 0200 | 0044 8b50 | 0845 8bda | 4d8b 5338 

  0x000001c0216aed64: ;   {metadata('java/lang/NamedPackage')}
  0x000001c0216aed64: 49bb b070 | 0e1e 0000 | 0000 4d3b | d30f 8525 | 0c00 0048 | 8be8 ba4c | ffff ff90 

  0x000001c0216aed80: ;   {runtime_call UncommonTrapBlob}
  0x000001c0216aed80: c5f8 77e8 

  0x000001c0216aed84: ; ImmutableOopMap {rbp=Oop [40]=Oop [48]=NarrowOop [56]=Oop [64]=Oop [104]=Oop }
                      ;*ifnull {reexecute=1 rethrow=0 return_oop=0}
                      ; - (reexecute) java.lang.ClassLoader::getNamedPackage@42
                      ; - java.lang.ClassLoader::postDefineClass@9
                      ; - java.lang.ClassLoader::defineClass@37
  0x000001c0216aed84: d857 74ff 

  0x000001c0216aed88: ;   {post_call_nop}
  0x000001c0216aed88: 0f1f 8400 | 8007 0008 | 418b 6810 | 4c8b dd4c | 3bd8 0f84 | e501 0000 

  0x000001c0216aeda0: ; implicit exception: dispatches to 0x000001c0216aff0c
  0x000001c0216aeda0: 8b4d 0848 | 8bdd 483b | c30f 84d6 

  0x000001c0216aedac: ;   {metadata('java/lang/String')}
  0x000001c0216aedac: 0100 0081 | f980 2100 | 1e0f 8533 | 0100 0044 | 0fbe 5810 | 0fbe 6b10 | 443b dd0f | 859f 0d00 
  0x000001c0216aedcc: 008b 5b14 | 448b 5814 | 8b53 0c41 | 8b4b 0c3b | ca0f 850b | 0100 0048 | 8bfb 488d | 7310 498b 
  0x000001c0216aedec: db49 8d7b | 1085 c90f | 84dc 0000 | 008b c183 | e01f 83e1 | e00f 8452 | 0000 0048 | 8d3c 0f48 
  0x000001c0216aee0c: 8d34 0e48 | f7d9 c5fe | 6f0c 0fc5 | fe6f 040e | c5f5 efc8 | c4e2 7d17 | c90f 85b1 | 0000 0048 
  0x000001c0216aee2c: 83c1 2075 | e185 c00f | 849c 0000 | 00c5 fe6f | 4c07 e0c5 | fe6f 4406 | e0c5 f5ef | c8c4 e27d 
  0x000001c0216aee4c: 17c9 0f85 | 8800 0000 | e97c 0000 | 008b c883 | e00f 83e1 | f00f 842a | 0000 0048 | 8d3c 0f48 
  0x000001c0216aee6c: 8d34 0e48 | f7d9 c5fa | 6f0c 0fc5 | fa6f 040e | c5f1 efc8 | c4e2 7917 | c90f 8551 | 0000 0048 
  0x000001c0216aee8c: 83c1 1075 | e18b c883 | e1fc 7419 | 488d 3c0f | 488d 340e | 48f7 d98b | 1c0f 3b1c | 0e75 3148 
  0x000001c0216aeeac: ;   {other}
  0x000001c0216aeeac: 83c1 0475 | f2a8 0274 | 120f b71f | 0fb7 0e3b | d975 1d48 | 8d7f 0248 | 8d76 02a8 | 0174 0a0f 
  0x000001c0216aeecc: b61f 0fb6 | 0e3b d975 | 07b8 0100 | 0000 eb02 | 33c0 c5f5 | efc9 c5fd | efc0 85c0 | 0f85 9700 
  0x000001c0216aeeec: 0000 458b | 4018 4585 | c00f 840e | fdff ff49 | 8bd8 8b4b | 0c49 8b7f 

  0x000001c0216aef04: ; ImmutableOopMap {r11=Oop r9=NarrowOop rbx=Oop r13=Oop [40]=Oop [64]=Oop [104]=Oop }
                      ;*if_icmpne {reexecute=1 rethrow=0 return_oop=0}
                      ; - (reexecute) java.util.concurrent.ConcurrentHashMap::get@127
                      ; - java.lang.ClassLoader::getNamedPackage@5
                      ; - java.lang.ClassLoader::postDefineClass@9
                      ; - java.lang.ClassLoader::defineClass@37
  0x000001c0216aef04: 304d 8bdd 

  0x000001c0216aef08: ;   {poll}
  0x000001c0216aef08: 8507 413b | ca74 1244 | 8b43 1845 | 85c0 0f84 | edfc ffff | 498b d8eb | dd8b 6b10 | 4c8b dd4d 
  0x000001c0216aef28: 3bdd 744d | 85ed 0f84 | ac0c 0000 | 4889 5c24 | 3844 8954 | 2434 4489 | 4c24 304c | 896c 2420 
  0x000001c0216aef48: 4c8b c549 | 8bd5 488b | ea66 6690 

  0x000001c0216aef54: ;   {optimized virtual_call}
  0x000001c0216aef54: c5f8 77e8 

  0x000001c0216aef58: ; ImmutableOopMap {rbp=Oop [32]=Oop [40]=Oop [48]=NarrowOop [56]=Oop [64]=Oop [104]=Oop }
                      ;*invokevirtual equals {reexecute=0 rethrow=0 return_oop=0}
                      ; - java.util.concurrent.ConcurrentHashMap::get@149
                      ; - java.lang.ClassLoader::getNamedPackage@5
                      ; - java.lang.ClassLoader::postDefineClass@9
                      ; - java.lang.ClassLoader::defineClass@37
  0x000001c0216aef58: b4f4 daff 

  0x000001c0216aef5c: ;   {post_call_nop}
  0x000001c0216aef5c: 0f1f 8400 | 5409 000a | 85c0 0f84 | a80c 0000 | 4c8b ed44 | 8b4c 2430 | 488b 5c24 | 388b 6b14 
  0x000001c0216aef7c: 85ed 7511 | e984 fcff | ff41 8b68 | 1485 ed0f | 8478 fcff | ff44 8b5d | 0845 8bd3 | 4d8b 5238 
  0x000001c0216aef9c: ;   {metadata('java/lang/NamedPackage')}
  0x000001c0216aef9c: 49bb b070 | 0e1e 0000 | 0000 4d3b | d30f 85ad | 0900 004c | 8b54 2440 | 418b 6a10 

  0x000001c0216aefb8: ; implicit exception: dispatches to 0x000001c0216afedc
  0x000001c0216aefb8: 448b 4d14 | 4585 c90f | 8546 0400 | 0044 8b5d | 1045 85db | 0f85 dc04 | 0000 488b | 4424 68c5 
  0x000001c0216aefd8: f877 4881 | c4a0 0000 

  0x000001c0216aefe0: ;   {poll_return}
  0x000001c0216aefe0: 005d 493b | 6728 0f87 | 7414 0000 | c344 0fb6 | 4011 4585 | c00f 853e | 0700 0044 | 0fbe 4010 
  0x000001c0216af000: 4585 c00f | 859b 0b00 | 008b 6814 

  0x000001c0216af00c: ; implicit exception: dispatches to 0x000001c0216afef4
  0x000001c0216af00c: 8b55 0c4c | 8bc5 488d | 7d10 83fa | 020f 8c21 | 0700 0033 | db83 fa20 | 0f8c 6e01 | 0000 4533 
  0x000001c0216af02c: d2c5 d5ef | edc5 cdef | f6c5 c5ef | ffc4 413d 

  0x000001c0216af03c: ;   {external_word}
  0x000001c0216af03c: efc0 48be | a092 7370 | ff7f 0000 | 448b 06c4 | c179 6ec0 | c4e2 7d58 | c08b f283 | e6e0 410f 
  0x000001c0216af05c: afd8 c421 | 7a7e 0c17 | c421 7a7e | 5417 08c4 | 217a 7e5c | 1710 c421 | 7a7e 6417 | 18c4 e255 
  0x000001c0216af07c: 40e8 c442 | 7d31 c9c4 | c155 fee9 | c4e2 4d40 | f0c4 427d | 31d2 c4c1 | 4dfe f2c4 | e245 40f8 
  0x000001c0216af09c: c442 7d31 | dbc4 c145 | fefb c462 | 3d40 c0c4 | 427d 31e4 | c441 3dfe | c441 83c2 | 2044 3bd6 
  0x000001c0216af0bc: 7c9c 488d | 3c37 2bd6 

  0x000001c0216af0c4: ;   {external_word}
  0x000001c0216af0c4: 48be a492 | 7370 ff7f | 0000 c5fe | 6f0e c4e2 

  0x000001c0216af0d4: ;   {external_word}
  0x000001c0216af0d4: 5540 e948 | bec4 9273 | 70ff 7f00 | 00c5 fe6f | 16c4 e24d 

  0x000001c0216af0e8: ;   {external_word}
  0x000001c0216af0e8: 40f2 48be | e492 7370 | ff7f 0000 | c5fe 6f1e | c4e2 4540 

  0x000001c0216af0fc: ;   {external_word}
  0x000001c0216af0fc: fb48 be04 | 9373 70ff | 7f00 00c5 | fe6f 26c4 | 623d 40c4 | c462 5502 | cdc4 437d | 39ca 01c4 
  0x000001c0216af11c: 4131 feca | c442 3102 | c9c5 796e | d3c4 4131 | feca c579 | 7ecb c462 | 4d02 dec4 | 437d 39dc 
  0x000001c0216af13c: 01c4 4121 | fedc c442 | 2102 dbc5 | 796e e3c4 | 4121 fedc | c579 7edb | c462 4502 | cfc4 437d 
  0x000001c0216af15c: 39ca 01c4 | 4131 feca | c442 3102 | c9c5 796e | d3c4 4131 | feca c579 | 7ecb c442 | 3d02 d8c4 
  0x000001c0216af17c: 437d 39dc | 01c4 4121 | fedc c442 | 2102 dbc5 | 796e e3c4 | 4121 fedc | c579 7edb | 41ba 0100 
  0x000001c0216af19c: 0000 443b | d20f 8d2e | 0000 0041 | b8c1 0300 | 0041 0faf | d842 0fb6 | 7417 ff44 | 8bc6 41c1 
  0x000001c0216af1bc: e005 442b | c641 03d8 | 460f b604 | 1741 03d8 | 4183 c202 | 443b d27c | d27f 108b | f3c1 e305 
  0x000001c0216af1dc: 2bde 460f | b644 17ff | 4103 d885 | db0f 8469 | 0500 0089 | 580c e946 | f9ff ff48 | 8bd0 488b 
  0x000001c0216af1fc: ;   {other}
  0x000001c0216af1fc: 6c24 2848 | 8944 2430 | 4889 4424 | 4866 6690 

  0x000001c0216af20c: ;   {optimized virtual_call}
  0x000001c0216af20c: c5f8 77e8 

  0x000001c0216af210: ; ImmutableOopMap {rbp=Oop [40]=Oop [48]=Oop [64]=Oop [72]=Oop [104]=Oop }
                      ;*invokevirtual initClassName {reexecute=0 rethrow=0 return_oop=1}
                      ; - java.lang.Class::getName@14
                      ; - java.lang.Class::getPackageName@40
                      ; - java.lang.ClassLoader::postDefineClass@2
                      ; - java.lang.ClassLoader::defineClass@37
  0x000001c0216af210: fcff c9ff 

  0x000001c0216af214: ;   {post_call_nop}
  0x000001c0216af214: 0f1f 8400 | 0c0c 000b | 4c8b c048 | 85c0 0f85 | cff5 ffff | baf6 ffff | ff66 6690 

  0x000001c0216af230: ;   {runtime_call UncommonTrapBlob}
  0x000001c0216af230: c5f8 77e8 

  0x000001c0216af234: ; ImmutableOopMap {}
                      ;*invokevirtual lastIndexOf {reexecute=0 rethrow=0 return_oop=0}
                      ; - java.lang.Class::getPackageName@47
                      ; - java.lang.ClassLoader::postDefineClass@2
                      ; - java.lang.ClassLoader::defineClass@37
  0x000001c0216af234: 2853 74ff 

  0x000001c0216af238: ;   {post_call_nop}
  0x000001c0216af238: 0f1f 8400 | 300c 000c | 498b d8e9 | 63f8 ffff | 4c63 cf81 | ff00 0010 | 000f 8755 | 0600 0049 
  0x000001c0216af258: 8bb7 c801 | 0000 4d8d | 5917 4983 | e3f8 4c8b | c64d 03c3 | 4d3b 87d8 | 0100 000f | 8333 0600 
  0x000001c0216af278: 004d 8987 | c801 0000 | 410f 1880 | 0001 0000 | 48c7 0601 | 0000 0041 | 0f18 8040 

  0x000001c0216af294: ;   {metadata({type array byte})}
  0x000001c0216af294: 0100 00c7 | 4608 180b | 001e 897e | 0c41 0f18 | 8080 0100 | 0048 8bd6 | 4883 c210 | 4983 c107 
  0x000001c0216af2b4: 49c1 e903 | 498b ca4d | 8bc1 c5f8 

  0x000001c0216af2c0: ;   {runtime_call Stub::jlong_disjoint_arraycopy}
  0x000001c0216af2c0: 7749 ba00 | 74da 20c0 | 0100 0041 

  0x000001c0216af2cc: ;   {post_call_nop}
  0x000001c0216af2cc: ffd2 0f1f | 8400 0000 | 0000 e989 

  0x000001c0216af2d8: ;   {oop(""{0x00000000806dbd38})}
  0x000001c0216af2d8: f7ff ff48 | bb38 bd6d | 8000 0000 | 00e9 c1f7 | ffff 4585 | c90f 8426 | 0a00 0048 | 8944 2450 
  0x000001c0216af2f8: 4c89 6c24 | 384c 8b54 | 2468 4c89 | 5424 304c | 8b54 2440 | 4c89 5424 | 2048 8b6c | 2428 498b 
  0x000001c0216af318: d144 894c | 2448 6690 

  0x000001c0216af320: ;   {optimized virtual_call}
  0x000001c0216af320: c5f8 77e8 

  0x000001c0216af324: ; ImmutableOopMap {rbp=Oop [32]=Oop [48]=Oop [56]=Oop [72]=NarrowOop [80]=Oop }
                      ;*invokevirtual isNamed {reexecute=0 rethrow=0 return_oop=0}
                      ; - java.lang.NamedPackage::<init>@12
                      ; - java.lang.ClassLoader::getNamedPackage@22
                      ; - java.lang.ClassLoader::postDefineClass@9
                      ; - java.lang.ClassLoader::defineClass@37
  0x000001c0216af324: 7802 2ff8 

  0x000001c0216af328: ;   {post_call_nop}
  0x000001c0216af328: 0f1f 8400 | 200d 000d | 85c0 0f85 | f809 0000 | 4889 6c24 | 284c 8b54 | 2420 4c89 | 5424 404c 
  0x000001c0216af348: 8b54 2430 | 4c89 5424 | 684c 8b6c | 2438 448b | 4c24 4848 | 8b44 2450 | e9f5 f8ff 

  0x000001c0216af364: ;   {oop(""{0x00000000806dbd38})}
  0x000001c0216af364: ff41 ba38 | bd6d 80e9 | 57f7 ffff | 4c63 c54d | 8d58 1049 | 8bcb 4883 | e1f8 488b | fe48 03f9 
  0x000001c0216af384: 49c1 eb03 | 4d2b cb49 | 8bc9 4833 | c048 83f9 | 087f 1048 | ffc9 784f | 4889 04cf | 48ff c97d 
  0x000001c0216af3a4: f7eb 44c5 | fdef c0e9 | 0d00 0000 | c5fe 7f07 | c5fe 7f47 | 2048 83c7 | 4048 83e9 | 087d ed48 
  0x000001c0216af3c4: 83c1 047c | 0cc5 fe7f | 0748 83c7 | 2048 83e9 | 0448 83c1 | 047e 1048 | ffc9 c5f9 | d607 4883 
  0x000001c0216af3e4: c708 48ff | c97d f349 | 8bca c5f8 

  0x000001c0216af3f0: ;   {runtime_call Stub::jbyte_disjoint_arraycopy}
  0x000001c0216af3f0: 7749 ba60 | 6dda 20c0 | 0100 0041 

  0x000001c0216af3fc: ;   {post_call_nop}
  0x000001c0216af3fc: ffd2 0f1f | 8400 0000 | 0000 e959 | f6ff ff41 | 8b59 0c45 | 8b51 0849 | 8be9 4863 | fb48 c1e7 
  0x000001c0216af41c: 0281 fb00 | 0004 000f | 8707 0800 | 0049 8b87 | c801 0000 | 4c8d 5f17 | 4983 e3f8 | 4c8b c04d 
  0x000001c0216af43c: 03c3 4d3b | 87d8 0100 | 000f 83e5 | 0700 004d | 8987 c801 | 0000 410f | 1880 0001 | 0000 48c7 
  0x000001c0216af45c: 0001 0000 | 0044 8950 | 0889 580c | 410f 1880 | 4001 0000 | 410f 1880 | 8001 0000 | 488b d849 
  0x000001c0216af47c: 8d49 1048 | 8bd3 4883 | c210 4883 | c707 48c1 | ef03 4c8b | c7c5 f877 

  0x000001c0216af494: ;   {runtime_call Stub::jlong_disjoint_arraycopy}
  0x000001c0216af494: 49ba 0074 | da20 c001 | 0000 41ff 

  0x000001c0216af4a0: ;   {post_call_nop}
  0x000001c0216af4a0: d20f 1f84 | 0000 0000 | 00e9 6b02 | 0000 498b | 87c8 0100 | 004c 8bd0 | 4983 c218 | 4c8b cd4d 
  0x000001c0216af4c0: 3b97 d801 | 0000 0f83 | 9f07 0000 | 4d89 97c8 | 0100 0041 | 0f18 8200 | 0100 0048 | c700 0100 
  0x000001c0216af4e0: ;   {metadata('java/util/ArrayList')}
  0x000001c0216af4e0: 0000 c740 | 08a8 7101 | 1e4c 8960 

  0x000001c0216af4ec: ;   {oop(a 'java/lang/Object'[0] {0x0000000080712238})}
  0x000001c0216af4ec: 0cc7 4014 | 3822 7180 | 4c8b d045 | 8b43 0c45 | 85c0 0f86 | 9c00 0000 | 4533 c0eb | 1b0f 1f80 
  0x000001c0216af50c: 0000 0000 | 4c8b 5424 | 204c 8954 | 2428 4c8b | 4c24 384c | 8b54 2440 

  0x000001c0216af524: ; implicit exception: dispatches to 0x000001c0216aff40
  0x000001c0216af524: 418b 4b0c | 443b c10f | 8317 0800 | 0047 8b5c | 8310 418b | 4b10 448b | 5910 4489 | 4424 484c 
  0x000001c0216af544: 8954 2440 | 4c89 4c24 | 384c 8b54 | 2428 4c89 | 5424 204d | 8bc3 488b | 5424 4090 

  0x000001c0216af560: ;   {optimized virtual_call}
  0x000001c0216af560: c5f8 77e8 

  0x000001c0216af564: ; ImmutableOopMap {rbp=NarrowOop [32]=Oop [56]=Oop [64]=Oop [104]=Oop }
                      ;*invokevirtual addAll {reexecute=0 rethrow=0 return_oop=0}
                      ; - java.security.CodeSource::getCertificates@57
                      ; - java.lang.ClassLoader::postDefineClass@24
                      ; - java.lang.ClassLoader::defineClass@37
  0x000001c0216af564: 78f8 70ff 

  0x000001c0216af568: ;   {post_call_nop}
  0x000001c0216af568: 0f1f 8400 | 600f 000e | 4d8b 5730 | 448b 5d10 | 448b 4424 

  0x000001c0216af57c: ; ImmutableOopMap {r11=NarrowOop rbp=NarrowOop [32]=Oop [56]=Oop [64]=Oop [104]=Oop }
                      ;*goto {reexecute=1 rethrow=0 return_oop=0}
                      ; - (reexecute) java.security.CodeSource::getCertificates@64
                      ; - java.lang.ClassLoader::postDefineClass@24
                      ; - java.lang.ClassLoader::defineClass@37
  0x000001c0216af57c: 4841 ffc0 

  0x000001c0216af580: ;   {poll}
  0x000001c0216af580: 4185 0245 | 8b4b 0c45 | 3bc1 7c84 | 4c8b 5424 | 204c 8954 | 2428 4c8b | 4c24 384c | 8b54 2440 
  0x000001c0216af5a0: 498b 87c8 | 0100 004c | 8bd8 4983 | c310 4d3b | 9fd8 0100 | 000f 83f5 | 0600 004d | 899f c801 
  0x000001c0216af5c0: 0000 410f | 1883 0001 | 0000 48c7 | 0001 0000 | 0041 0f18 | 8340 0100 

  0x000001c0216af5d8: ;   {metadata('java/security/cert/Certificate'[])}
  0x000001c0216af5d8: 00c7 4008 | c0d8 041e | 410f 1883 | 8001 0000 | 4489 600c | 4c8b c049 | 8bd2 4c89 | 4c24 4090 
  0x000001c0216af5f8: ;   {optimized virtual_call}
  0x000001c0216af5f8: c5f8 77e8 

  0x000001c0216af5fc: ; ImmutableOopMap {rbp=NarrowOop [40]=Oop [64]=Oop [104]=Oop }
                      ;*invokevirtual toArray {reexecute=0 rethrow=0 return_oop=1}
                      ; - java.security.CodeSource::getCertificates@73
                      ; - java.lang.ClassLoader::postDefineClass@24
                      ; - java.lang.ClassLoader::defineClass@37
  0x000001c0216af5fc: e0f7 70ff 

  0x000001c0216af600: ;   {post_call_nop}
  0x000001c0216af600: 0f1f 8400 | f80f 0010 | 4c8b d044 

  0x000001c0216af60c: ;   {metadata('java/security/cert/Certificate'[])}
  0x000001c0216af60c: 8b58 0841 | 81fb c0d8 | 041e 0f85 | b807 0000 | 4c89 5424 | 3845 8b42 | 0c4d 63d0 | 49c1 e202 
  0x000001c0216af62c: 4c89 5424 | 4048 8b4c | 2438 4c8d | 4d14 4180 | 7f48 000f | 854c 0d00 | 004c 8bd9 | 4589 194d 
  0x000001c0216af64c: 8bd1 4c33 | d149 c1ea | 140f 841e | 0000 004d | 8bd1 49c1 | ea09 49bb | 0000 2b29 | c001 0000 
  0x000001c0216af66c: 4d03 d341 | 803a 020f | 8586 0d00 | 0041 81f8 | 0000 0400 | 0f87 7206 | 0000 498b | 87c8 0100 
  0x000001c0216af68c: 004c 8b54 | 2440 4983 | c217 4983 | e2f8 4c8b | d84d 03da | 4d3b 9fd8 | 0100 000f | 834b 0600 
  0x000001c0216af6ac: 004d 899f | c801 0000 | 410f 1883 | 0001 0000 | 48c7 0001 | 0000 0041 | 0f18 8340 

  0x000001c0216af6c8: ;   {metadata('java/security/cert/Certificate'[])}
  0x000001c0216af6c8: 0100 00c7 | 4008 c0d8 | 041e 4489 | 400c 410f | 1883 8001 | 0000 488b | d848 8b4c | 2438 4883 
  0x000001c0216af6e8: c110 488b | d348 83c2 | 104c 8b54 | 2440 4983 | c207 49c1 | ea03 4d8b | c2c5 f877 

  0x000001c0216af704: ;   {runtime_call Stub::jlong_disjoint_arraycopy}
  0x000001c0216af704: 49ba 0074 | da20 c001 | 0000 41ff 

  0x000001c0216af710: ;   {post_call_nop}
  0x000001c0216af710: d20f 1f84 | 0000 0000 | 0048 8b54 | 2468 4c8b | c366 6690 

  0x000001c0216af724: ;   {optimized virtual_call}
  0x000001c0216af724: c5f8 77e8 

  0x000001c0216af728: ; ImmutableOopMap {[104]=Oop }
                      ;*invokevirtual setSigners {reexecute=0 rethrow=0 return_oop=0}
                      ; - java.lang.ClassLoader::setSigners@2
                      ; - java.lang.ClassLoader::postDefineClass@35
                      ; - java.lang.ClassLoader::defineClass@37
  0x000001c0216af728: b4f6 70ff 

  0x000001c0216af72c: ;   {post_call_nop}
  0x000001c0216af72c: 0f1f 8400 | 2411 0011 | e999 f8ff | ff33 dbe9 | fdf3 ffff | 83fa 0175 | 1385 d20f | 8653 0600 
  0x000001c0216af74c: 000f b61f | 85db 0f85 | 97fa ffff | c640 1101 | 33db e9da | f3ff ff44 | 895c 2438 | 897c 2434 
  0x000001c0216af76c: 894c 2430 | 4c8b 5424 | 684c 8954 | 2420 488b 

  0x000001c0216af77c: ;   {metadata('java/lang/String')}
  0x000001c0216af77c: 6c24 4048 | ba80 2100 | 1e00 0000 | 0066 6690 

  0x000001c0216af78c: ;   {runtime_call C2 Runtime new_instance}
  0x000001c0216af78c: c5f8 77e8 

  0x000001c0216af790: ; ImmutableOopMap {rbp=Oop [32]=Oop [40]=Oop [48]=NarrowOop [104]=Oop [128]=Oop }
                      ;*new {reexecute=0 rethrow=0 return_oop=1}
                      ; - java.lang.StringLatin1::newString@7
                      ; - java.lang.String::substring@41
                      ; - java.lang.Class::getPackageName@62
                      ; - java.lang.ClassLoader::postDefineClass@2
                      ; - java.lang.ClassLoader::defineClass@37
  0x000001c0216af790: cc4a 74ff 

  0x000001c0216af794: ;   {post_call_nop}
  0x000001c0216af794: 0f1f 8400 | 8c11 0012 | 4889 6c24 | 408b 4c24 | 308b 7c24 | 3444 8b5c | 2438 488b | d8e9 dcf1 
  0x000001c0216af7b4: ffff 4489 | 4c24 484c | 896c 2438 | 4c8b 5424 | 404c 8954 | 2420 488b 

  0x000001c0216af7cc: ;   {metadata('java/lang/NamedPackage')}
  0x000001c0216af7cc: 6c24 2848 | bab0 700e | 1e00 0000 | 0066 6690 

  0x000001c0216af7dc: ;   {runtime_call C2 Runtime new_instance}
  0x000001c0216af7dc: c5f8 77e8 

  0x000001c0216af7e0: ; ImmutableOopMap {rbp=Oop [32]=Oop [56]=Oop [72]=NarrowOop [104]=Oop }
                      ;*new {reexecute=0 rethrow=0 return_oop=1}
                      ; - java.lang.ClassLoader::getNamedPackage@16
                      ; - java.lang.ClassLoader::postDefineClass@9
                      ; - java.lang.ClassLoader::defineClass@37
  0x000001c0216af7e0: 7c4a 74ff 

  0x000001c0216af7e4: ;   {post_call_nop}
  0x000001c0216af7e4: 0f1f 8400 | dc11 0013 | 4889 6c24 | 284c 8b54 | 2420 4c89 | 5424 404c | 8b6c 2438 | 448b 4c24 
  0x000001c0216af804: 48e9 3ff4 | ffff 4889 | 7c24 604c | 894c 2458 | 4c89 5424 | 5048 895c | 2448 4489 | 5c24 384c 
  0x000001c0216af824: 8b54 2468 | 4c89 5424 | 304c 8b54 | 2440 4c89 

  0x000001c0216af834: ;   {metadata({type array byte})}
  0x000001c0216af834: 5424 2048 | ba18 0b00 | 1e00 0000 | 0045 8bc3 

  0x000001c0216af844: ;   {runtime_call C2 Runtime new_array_nozero}
  0x000001c0216af844: c5f8 77e8 

  0x000001c0216af848: ; ImmutableOopMap {[32]=Oop [40]=Oop [48]=Oop [72]=Oop [128]=Oop [80]=Derived_oop_[128] }
                      ;*newarray {reexecute=0 rethrow=0 return_oop=1}
                      ; - java.util.Arrays::copyOfRange@59
                      ; - java.lang.StringLatin1::newString@16
                      ; - java.lang.String::substring@41
                      ; - java.lang.Class::getPackageName@62
                      ; - java.lang.ClassLoader::postDefineClass@2
                      ; - java.lang.ClassLoader::defineClass@37
  0x000001c0216af848: 1444 74ff 

  0x000001c0216af84c: ;   {post_call_nop}
  0x000001c0216af84c: 0f1f 8400 | 4412 0014 | 4c8b 5424 | 204c 8954 | 2440 4c8b | 5424 304c | 8954 2468 | 448b 5c24 
  0x000001c0216af86c: 3848 8b5c | 2448 4c8b | 5424 504c | 8b4c 2458 | 488b 7c24 | 6048 8bf0 | e999 f1ff | ff4c 8b54 
  0x000001c0216af88c: 2420 4c89 | 5424 284c | 8b54 2430 | 4c89 5424 | 404c 8b6c | 2448 448b | 4c24 50e9 | 5df3 ffff 
  0x000001c0216af8ac: 4c89 4c24 | 504c 8954 | 2448 4889 | 5c24 388b | e94c 8b5c | 2468 4c89 | 5c24 304c | 8b5c 2440 
  0x000001c0216af8cc: 4c89 5c24 

  0x000001c0216af8d0: ;   {metadata({type array byte})}
  0x000001c0216af8d0: 2048 ba18 | 0b00 1e00 | 0000 0044 | 8bc7 6690 

  0x000001c0216af8e0: ;   {runtime_call C2 Runtime new_array_nozero}
  0x000001c0216af8e0: c5f8 77e8 

  0x000001c0216af8e4: ; ImmutableOopMap {rbp=NarrowOop [32]=Oop [40]=Oop [48]=Oop [56]=Oop [128]=Oop [72]=Derived_oop_[128] }
                      ;*invokevirtual clone {reexecute=1 rethrow=0 return_oop=1}
                      ; - (reexecute) java.util.Arrays::copyOfRange@11
                      ; - java.lang.StringLatin1::newString@16
                      ; - java.lang.String::substring@41
                      ; - java.lang.Class::getPackageName@62
                      ; - java.lang.ClassLoader::postDefineClass@2
                      ; - java.lang.ClassLoader::defineClass@37
  0x000001c0216af8e4: 7843 74ff 

  0x000001c0216af8e8: ;   {post_call_nop}
  0x000001c0216af8e8: 0f1f 8400 | e012 0015 | 4c8b 5424 | 204c 8954 | 2440 4c8b | 5424 304c | 8954 2468 | 488b 5c24 
  0x000001c0216af908: 384c 8b54 | 2448 4c8b | 4c24 5048 | 8bf0 e98e | f9ff ffba | f6ff ffff 

  0x000001c0216af920: ;   {runtime_call UncommonTrapBlob}
  0x000001c0216af920: c5f8 77e8 

  0x000001c0216af924: ; ImmutableOopMap {rbp=NarrowOop }
                      ;*invokevirtual toExternalForm {reexecute=0 rethrow=0 return_oop=0}
                      ; - java.net.URL::toExternalForm@5
                      ; - java.net.URL::toString@1
                      ; - java.lang.ClassLoader::defineClassSourceLocation@22
                      ; - java.lang.ClassLoader::defineClass@12
  0x000001c0216af924: 384c 74ff 

  0x000001c0216af928: ;   {post_call_nop}
  0x000001c0216af928: 0f1f 8400 | 2013 0016 | ba6e ffff | ff8b e944 | 895c 2424 | 4c8b 5424 | 684c 8954 | 2430 4c89 
  0x000001c0216af948: 4424 5890 

  0x000001c0216af94c: ;   {runtime_call UncommonTrapBlob}
  0x000001c0216af94c: c5f8 77e8 

  0x000001c0216af950: ; ImmutableOopMap {rbp=NarrowOop [40]=Oop [48]=Oop [64]=Oop [88]=Oop }
                      ;*iflt {reexecute=1 rethrow=0 return_oop=0}
                      ; - (reexecute) java.lang.StringLatin1::lastIndexOf@19
                      ; - java.lang.String::lastIndexOf@13
                      ; - java.lang.String::lastIndexOf@8
                      ; - java.lang.Class::getPackageName@47
                      ; - java.lang.ClassLoader::postDefineClass@2
                      ; - java.lang.ClassLoader::defineClass@37
  0x000001c0216af950: 0c4c 74ff 

  0x000001c0216af954: ;   {post_call_nop}
  0x000001c0216af954: 0f1f 8400 | 4c13 0017 | bade ffff | ff66 6690 

  0x000001c0216af964: ;   {runtime_call UncommonTrapBlob}
  0x000001c0216af964: c5f8 77e8 

  0x000001c0216af968: ; ImmutableOopMap {rbp=NarrowOop }
                      ;*checkcast {reexecute=0 rethrow=0 return_oop=0}
                      ; - java.lang.ClassLoader::getNamedPackage@8
                      ; - java.lang.ClassLoader::postDefineClass@9
                      ; - java.lang.ClassLoader::defineClass@37
  0x000001c0216af968: f44b 74ff 

  0x000001c0216af96c: ;   {post_call_nop}
  0x000001c0216af96c: 0f1f 8400 | 6413 0018 | 448b dbe9 | 72ef ffff | baf6 ffff | ff48 8b6c | 2420 4889 | 4c24 2090 
  0x000001c0216af98c: ;   {runtime_call UncommonTrapBlob}
  0x000001c0216af98c: c5f8 77e8 

  0x000001c0216af990: ; ImmutableOopMap {rbp=Oop [32]=Oop }
                      ;*invokevirtual putIfAbsent {reexecute=0 rethrow=0 return_oop=0}
                      ; - java.lang.ClassLoader::getNamedPackage@32
                      ; - java.lang.ClassLoader::postDefineClass@9
                      ; - java.lang.ClassLoader::defineClass@37
  0x000001c0216af990: cc4b 74ff 

  0x000001c0216af994: ;   {post_call_nop}
  0x000001c0216af994: 0f1f 8400 | 8c13 0019 | bade ffff | ff48 8be8 

  0x000001c0216af9a4: ;   {runtime_call UncommonTrapBlob}
  0x000001c0216af9a4: c5f8 77e8 

  0x000001c0216af9a8: ; ImmutableOopMap {rbp=Oop }
                      ;*checkcast {reexecute=0 rethrow=0 return_oop=0}
                      ; - java.lang.ClassLoader::getNamedPackage@35
                      ; - java.lang.ClassLoader::postDefineClass@9
                      ; - java.lang.ClassLoader::defineClass@37
  0x000001c0216af9a8: b44b 74ff 

  0x000001c0216af9ac: ;   {post_call_nop}
  0x000001c0216af9ac: 0f1f 8400 | a413 001a | 4983 c1fe | 498b c948 | 8bfa 4833 | c048 83f9 | 087f 1048 | ffc9 784f 
  0x000001c0216af9cc: 4889 04cf | 48ff c97d | f7eb 44c5 | fdef c0e9 | 0d00 0000 | c5fe 7f07 | c5fe 7f47 | 2048 83c7 
  0x000001c0216af9ec: 4048 83e9 | 087d ed48 | 83c1 047c | 0cc5 fe7f | 0748 83c7 | 2048 83e9 | 0448 83c1 | 047e 1048 
  0x000001c0216afa0c: ffc9 c5f9 | d607 4883 | c708 48ff | c97d f3e9 | 44f0 ffff | ba45 ffff | ff4c 8b54 | 2440 4c89 
  0x000001c0216afa2c: 5424 3848 | 8944 2448 | 4489 4c24 | 5066 6690 

  0x000001c0216afa3c: ;   {runtime_call UncommonTrapBlob}
  0x000001c0216afa3c: c5f8 77e8 

  0x000001c0216afa40: ; ImmutableOopMap {[40]=Oop [56]=Oop [72]=Oop [80]=NarrowOop [104]=Oop }
                      ;*ifle {reexecute=1 rethrow=0 return_oop=0}
                      ; - (reexecute) java.util.concurrent.ConcurrentHashMap::get@23
                      ; - java.lang.ClassLoader::getNamedPackage@5
                      ; - java.lang.ClassLoader::postDefineClass@9
                      ; - java.lang.ClassLoader::defineClass@37
  0x000001c0216afa40: 1c4b 74ff 

  0x000001c0216afa44: ;   {post_call_nop}
  0x000001c0216afa44: 0f1f 8400 | 3c14 001b | bacc ffff | ff8b e944 | 895c 2424 | 4c8b 5424 | 684c 8954 | 2430 4889 
  0x000001c0216afa64: 5c24 6090 

  0x000001c0216afa68: ;   {runtime_call UncommonTrapBlob}
  0x000001c0216afa68: c5f8 77e8 

  0x000001c0216afa6c: ; ImmutableOopMap {rbp=NarrowOop [40]=Oop [48]=Oop [64]=Oop [96]=Oop }
                      ;*newarray {reexecute=1 rethrow=0 return_oop=0}
                      ; - (reexecute) java.util.Arrays::copyOfRange@59
                      ; - java.lang.StringLatin1::newString@16
                      ; - java.lang.String::substring@41
                      ; - java.lang.Class::getPackageName@62
                      ; - java.lang.ClassLoader::postDefineClass@2
                      ; - java.lang.ClassLoader::defineClass@37
  0x000001c0216afa6c: f04a 74ff 

  0x000001c0216afa70: ;   {post_call_nop}
  0x000001c0216afa70: 0f1f 8400 | 6814 001c | 4c8b 5424 | 204c 8954 | 2428 4c8b | 5424 304c | 8954 2440 | 4c8b 6c24 
  0x000001c0216afa90: 4844 8b4c | 2450 e96e | f1ff ff33 | ed85 d240 | 0f94 c5ba | 45ff ffff | 4c8b 5424 | 684c 8954 
  0x000001c0216afab0: 2420 4c8b | 5424 404c | 8954 2438 | 4c89 4424 | 5889 5c24 | 6066 6690 

  0x000001c0216afac8: ;   {runtime_call UncommonTrapBlob}
  0x000001c0216afac8: c5f8 77e8 

  0x000001c0216afacc: ; ImmutableOopMap {[32]=Oop [40]=Oop [56]=Oop [88]=Oop }
                      ;*ifeq {reexecute=1 rethrow=0 return_oop=0}
                      ; - (reexecute) java.lang.String::lastIndexOf@4
                      ; - java.lang.String::lastIndexOf@8
                      ; - java.lang.Class::getPackageName@47
                      ; - java.lang.ClassLoader::postDefineClass@2
                      ; - java.lang.ClassLoader::defineClass@37
  0x000001c0216afacc: 904a 74ff 

  0x000001c0216afad0: ;   {post_call_nop}
  0x000001c0216afad0: 0f1f 8400 | c814 001d | 33ed 4585 | d240 0f95 | c5ba 45ff | ffff 4889 | 4424 304c | 8b54 2440 
  0x000001c0216afaf0: 4c89 5424 | 3848 8944 | 2448 6690 

  0x000001c0216afafc: ;   {runtime_call UncommonTrapBlob}
  0x000001c0216afafc: c5f8 77e8 

  0x000001c0216afb00: ; ImmutableOopMap {[40]=Oop [48]=Oop [56]=Oop [72]=Oop }
                      ;*ifeq {reexecute=1 rethrow=0 return_oop=0}
                      ; - (reexecute) java.lang.Class::getPackageName@13
                      ; - java.lang.ClassLoader::postDefineClass@2
                      ; - java.lang.ClassLoader::defineClass@37
  0x000001c0216afb00: 5c4a 74ff 

  0x000001c0216afb04: ;   {post_call_nop}
  0x000001c0216afb04: 0f1f 8400 | fc14 001e | ba45 ffff | ff48 8944 | 2430 4c8b | 5424 404c | 8954 2438 | 4889 4424 
  0x000001c0216afb24: 4866 6690 

  0x000001c0216afb28: ;   {runtime_call UncommonTrapBlob}
  0x000001c0216afb28: c5f8 77e8 

  0x000001c0216afb2c: ; ImmutableOopMap {[40]=Oop [48]=Oop [56]=Oop [72]=Oop }
                      ;*ifeq {reexecute=1 rethrow=0 return_oop=0}
                      ; - (reexecute) java.lang.Class::getPackageName@29
                      ; - java.lang.ClassLoader::postDefineClass@2
                      ; - java.lang.ClassLoader::defineClass@37
  0x000001c0216afb2c: 304a 74ff 

  0x000001c0216afb30: ;   {post_call_nop}
  0x000001c0216afb30: 0f1f 8400 | 2815 001f | ba3d ffff | ff44 895c | 2420 4489 | 5c24 244c | 8b54 2468 | 4c89 5424 
  0x000001c0216afb50: 304c 8944 | 2458 4489 | 4c24 6490 

  0x000001c0216afb5c: ;   {runtime_call UncommonTrapBlob}
  0x000001c0216afb5c: c5f8 77e8 

  0x000001c0216afb60: ; ImmutableOopMap {[40]=Oop [48]=Oop [64]=Oop [88]=Oop }
                      ;*if_icmpgt {reexecute=1 rethrow=0 return_oop=0}
                      ; - (reexecute) jdk.internal.util.Preconditions::checkFromToIndex@6
                      ; - java.lang.String::checkBoundsBeginEnd@6
                      ; - java.lang.String::substring@8
                      ; - java.lang.Class::getPackageName@62
                      ; - java.lang.ClassLoader::postDefineClass@2
                      ; - java.lang.ClassLoader::defineClass@37
  0x000001c0216afb60: fc49 74ff 

  0x000001c0216afb64: ;   {post_call_nop}
  0x000001c0216afb64: 0f1f 8400 | 5c15 0020 | ba45 ffff | ff48 8b4c | 2440 4889 | 4c24 3844 | 894c 2450 | 4889 4424 
  0x000001c0216afb84: 5844 8944 | 2454 4489 | 5424 6044 | 895c 2464 

  0x000001c0216afb94: ;   {runtime_call UncommonTrapBlob}
  0x000001c0216afb94: c5f8 77e8 

  0x000001c0216afb98: ; ImmutableOopMap {[40]=Oop [56]=Oop [80]=NarrowOop [84]=NarrowOop [88]=Oop [104]=Oop }
                      ;*if_icmpne {reexecute=1 rethrow=0 return_oop=0}
                      ; - (reexecute) java.lang.String::equals@33
                      ; - java.util.concurrent.ConcurrentHashMap::get@73
                      ; - java.lang.ClassLoader::getNamedPackage@5
                      ; - java.lang.ClassLoader::postDefineClass@9
                      ; - java.lang.ClassLoader::defineClass@37
  0x000001c0216afb98: c449 74ff 

  0x000001c0216afb9c: ;   {post_call_nop}
  0x000001c0216afb9c: 0f1f 8400 | 9415 0021 | 33ed 4585 | c040 0f94 | c5ba 45ff | ffff 4c8b | 5c24 404c | 895c 2438 
  0x000001c0216afbbc: 4489 4c24 | 5044 8954 | 2454 4889 | 4424 5848 | 8944 2460 

  0x000001c0216afbd0: ;   {runtime_call UncommonTrapBlob}
  0x000001c0216afbd0: c5f8 77e8 

  0x000001c0216afbd4: ; ImmutableOopMap {[40]=Oop [56]=Oop [80]=NarrowOop [84]=NarrowOop [88]=Oop [96]=Oop [104]=Oop }
                      ;*ifeq {reexecute=1 rethrow=0 return_oop=0}
                      ; - (reexecute) java.lang.String::hashCode@20
                      ; - java.util.concurrent.ConcurrentHashMap::get@1
                      ; - java.lang.ClassLoader::getNamedPackage@5
                      ; - java.lang.ClassLoader::postDefineClass@9
                      ; - java.lang.ClassLoader::defineClass@37
  0x000001c0216afbd4: 8849 74ff 

  0x000001c0216afbd8: ;   {post_call_nop}
  0x000001c0216afbd8: 0f1f 8400 | d015 0022 | ba45 ffff | ff4c 8b5c | 2440 4c89 | 5c24 3844 | 894c 2450 | 4c89 6c24 
  0x000001c0216afbf8: 5848 895c | 2460 4489 | 5424 5490 

  0x000001c0216afc04: ;   {runtime_call UncommonTrapBlob}
  0x000001c0216afc04: c5f8 77e8 

  0x000001c0216afc08: ; ImmutableOopMap {rbp=NarrowOop [40]=Oop [56]=Oop [80]=NarrowOop [88]=Oop [96]=Oop [104]=Oop }
                      ;*ifnull {reexecute=1 rethrow=0 return_oop=0}
                      ; - (reexecute) java.util.concurrent.ConcurrentHashMap::get@143
                      ; - java.lang.ClassLoader::getNamedPackage@5
                      ; - java.lang.ClassLoader::postDefineClass@9
                      ; - java.lang.ClassLoader::defineClass@37
  0x000001c0216afc08: 5449 74ff 

  0x000001c0216afc0c: ;   {post_call_nop}
  0x000001c0216afc0c: 0f1f 8400 | 0416 0023 | ba45 ffff | ff89 4424 | 6066 6690 

  0x000001c0216afc20: ;   {runtime_call UncommonTrapBlob}
  0x000001c0216afc20: c5f8 77e8 

  0x000001c0216afc24: ; ImmutableOopMap {[32]=Oop [40]=Oop [48]=NarrowOop [56]=Oop [64]=Oop [104]=Oop }
                      ;*ifeq {reexecute=1 rethrow=0 return_oop=0}
                      ; - (reexecute) java.util.concurrent.ConcurrentHashMap::get@152
                      ; - java.lang.ClassLoader::getNamedPackage@5
                      ; - java.lang.ClassLoader::postDefineClass@9
                      ; - java.lang.ClassLoader::defineClass@37
  0x000001c0216afc24: 3849 74ff 

  0x000001c0216afc28: ;   {post_call_nop}
  0x000001c0216afc28: 0f1f 8400 | 2016 0024 | 4889 7c24 | 4044 894c | 2438 4c8b | 4424 284c | 8944 2420 | 418b d244 
  0x000001c0216afc48: 8bc3 6690 

  0x000001c0216afc4c: ;   {runtime_call C2 Runtime new_array}
  0x000001c0216afc4c: c5f8 77e8 

  0x000001c0216afc50: ; ImmutableOopMap {rbp=Oop [32]=Oop [56]=NarrowOop [104]=Oop }
                      ;*invokevirtual clone {reexecute=1 rethrow=0 return_oop=1}
                      ; - (reexecute) java.security.CodeSource::getCertificates@11
                      ; - java.lang.ClassLoader::postDefineClass@24
                      ; - java.lang.ClassLoader::defineClass@37
  0x000001c0216afc50: 0c43 74ff 

  0x000001c0216afc54: ;   {post_call_nop}
  0x000001c0216afc54: 0f1f 8400 | 4c16 0025 | 448b 4c24 | 3848 8b7c | 2440 e90d | f8ff ff4c | 894c 2438 | 4489 5c24 
  0x000001c0216afc74: 3489 6c24 | 3048 8b6c 

  0x000001c0216afc7c: ;   {metadata('java/util/ArrayList')}
  0x000001c0216afc7c: 2428 48ba | a871 011e | 0000 0000 

  0x000001c0216afc88: ;   {runtime_call C2 Runtime new_instance}
  0x000001c0216afc88: c5f8 77e8 

  0x000001c0216afc8c: ; ImmutableOopMap {rbp=Oop [48]=NarrowOop [52]=NarrowOop [56]=Oop [104]=Oop }
                      ;*new {reexecute=0 rethrow=0 return_oop=1}
                      ; - java.security.CodeSource::getCertificates@25
                      ; - java.lang.ClassLoader::postDefineClass@24
                      ; - java.lang.ClassLoader::defineClass@37
  0x000001c0216afc8c: d045 74ff 

  0x000001c0216afc90: ;   {post_call_nop}
  0x000001c0216afc90: 0f1f 8400 | 8816 0026 | 4889 6c24 | 288b 6c24 | 3044 8b5c | 2434 4c8b | 4c24 38e9 | 3df8 ffff 
  0x000001c0216afcb0: 4c89 5424 | 404c 894c | 2438 896c | 2430 488b 

  0x000001c0216afcc0: ;   {metadata('java/security/cert/Certificate'[])}
  0x000001c0216afcc0: 6c24 2848 | bac0 d804 | 1e00 0000 | 0045 33c0 

  0x000001c0216afcd0: ;   {runtime_call C2 Runtime new_array}
  0x000001c0216afcd0: c5f8 77e8 

  0x000001c0216afcd4: ; ImmutableOopMap {rbp=Oop [48]=NarrowOop [56]=Oop [64]=Oop [104]=Oop }
                      ;*anewarray {reexecute=0 rethrow=0 return_oop=1}
                      ; - java.security.CodeSource::getCertificates@70
                      ; - java.lang.ClassLoader::postDefineClass@24
                      ; - java.lang.ClassLoader::defineClass@37
  0x000001c0216afcd4: 8842 74ff 

  0x000001c0216afcd8: ;   {post_call_nop}
  0x000001c0216afcd8: 0f1f 8400 | d016 0027 | 4889 6c24 | 288b 6c24 | 304c 8b4c | 2438 4c8b | 5424 40e9 | f4f8 ffff 
  0x000001c0216afcf8: ;   {metadata('java/security/cert/Certificate'[])}
  0x000001c0216afcf8: 48ba c0d8 | 041e 0000 | 0000 6690 

  0x000001c0216afd04: ;   {runtime_call C2 Runtime new_array}
  0x000001c0216afd04: c5f8 77e8 

  0x000001c0216afd08: ; ImmutableOopMap {[40]=Oop [56]=Oop [104]=Oop }
                      ;*invokevirtual clone {reexecute=1 rethrow=0 return_oop=1}
                      ; - (reexecute) java.security.CodeSource::getCertificates@86
                      ; - java.lang.ClassLoader::postDefineClass@24
                      ; - java.lang.ClassLoader::defineClass@37
  0x000001c0216afd08: 5442 74ff 

  0x000001c0216afd0c: ;   {post_call_nop}
  0x000001c0216afd0c: 0f1f 8400 | 0417 0028 | e9c5 f9ff | ffba f6ff | ffff 6690 

  0x000001c0216afd20: ;   {runtime_call UncommonTrapBlob}
  0x000001c0216afd20: c5f8 77e8 

  0x000001c0216afd24: ; ImmutableOopMap {}
                      ;*invokevirtual isNamed {reexecute=0 rethrow=0 return_oop=0}
                      ; - java.lang.NamedPackage::<init>@12
                      ; - java.lang.ClassLoader::getNamedPackage@22
                      ; - java.lang.ClassLoader::postDefineClass@9
                      ; - java.lang.ClassLoader::defineClass@37
  0x000001c0216afd24: 3848 74ff 

  0x000001c0216afd28: ;   {post_call_nop}
  0x000001c0216afd28: 0f1f 8400 | 2017 0029 | ba12 0000 | 0066 6690 

  0x000001c0216afd38: ;   {runtime_call UncommonTrapBlob}
  0x000001c0216afd38: c5f8 77e8 

  0x000001c0216afd3c: ; ImmutableOopMap {rbp=Oop [32]=Oop [48]=Oop [56]=Oop [72]=NarrowOop [80]=Oop }
                      ;*new {reexecute=0 rethrow=0 return_oop=0}
                      ; - java.lang.NamedPackage::<init>@18
                      ; - java.lang.ClassLoader::getNamedPackage@22
                      ; - java.lang.ClassLoader::postDefineClass@9
                      ; - java.lang.ClassLoader::defineClass@37
  0x000001c0216afd3c: 2048 74ff 

  0x000001c0216afd40: ;   {post_call_nop}
  0x000001c0216afd40: 0f1f 8400 | 3817 002a | bae4 ffff | ff4c 8954 | 2448 4489 | 5c24 4444 | 8944 2450 

  0x000001c0216afd5c: ;   {runtime_call UncommonTrapBlob}
  0x000001c0216afd5c: c5f8 77e8 

  0x000001c0216afd60: ; ImmutableOopMap {rbp=NarrowOop [40]=Oop [68]=NarrowOop [72]=Oop [104]=Oop }
                      ;*aaload {reexecute=0 rethrow=0 return_oop=0}
                      ; - java.security.CodeSource::getCertificates@50
                      ; - java.lang.ClassLoader::postDefineClass@24
                      ; - java.lang.ClassLoader::defineClass@37
  0x000001c0216afd60: fc47 74ff 

  0x000001c0216afd64: ;   {post_call_nop}
  0x000001c0216afd64: 0f1f 8400 | 5c17 002b | bac6 ffff | ff4c 8b5c | 2440 4c89 | 5c24 3844 | 894c 2448 | 4489 4424 
  0x000001c0216afd84: 4c44 8954 | 2450 4889 | 4424 5890 

  0x000001c0216afd90: ;   {runtime_call UncommonTrapBlob}
  0x000001c0216afd90: c5f8 77e8 

  0x000001c0216afd94: ; ImmutableOopMap {[40]=Oop [56]=Oop [72]=NarrowOop [76]=NarrowOop [88]=Oop [104]=Oop }
                      ;*invokevirtual find {reexecute=0 rethrow=0 return_oop=0}
                      ; - java.util.concurrent.ConcurrentHashMap::get@93
                      ; - java.lang.ClassLoader::getNamedPackage@5
                      ; - java.lang.ClassLoader::postDefineClass@9
                      ; - java.lang.ClassLoader::defineClass@37
  0x000001c0216afd94: c847 74ff 

  0x000001c0216afd98: ;   {post_call_nop}
  0x000001c0216afd98: 0f1f 8400 | 9017 002c | bae4 ffff | ff4c 8b5c | 2440 4c89 | 5c24 3844 | 894c 2450 | 4489 5424 
  0x000001c0216afdb8: 5448 8944 | 2458 4889 | 4424 6090 

  0x000001c0216afdc4: ;   {runtime_call UncommonTrapBlob}
  0x000001c0216afdc4: c5f8 77e8 

  0x000001c0216afdc8: ; ImmutableOopMap {rbp=NarrowOop [40]=Oop [56]=Oop [80]=NarrowOop [84]=NarrowOop [88]=Oop [96]=Oop [104]=Oop }
                      ;*baload {reexecute=0 rethrow=0 return_oop=0}
                      ; - jdk.internal.util.ArraysSupport::hashCodeOfUnsigned@38
                      ; - java.lang.StringLatin1::hashCode@5
                      ; - java.lang.String::hashCode@27
                      ; - java.util.concurrent.ConcurrentHashMap::get@1
                      ; - java.lang.ClassLoader::getNamedPackage@5
                      ; - java.lang.ClassLoader::postDefineClass@9
                      ; - java.lang.ClassLoader::defineClass@37
  0x000001c0216afdc8: 9447 74ff 

  0x000001c0216afdcc: ;   {post_call_nop}
  0x000001c0216afdcc: 0f1f 8400 | c417 002d | bade ffff | ff48 8944 | 2440 6690 

  0x000001c0216afde0: ;   {runtime_call UncommonTrapBlob}
  0x000001c0216afde0: c5f8 77e8 

  0x000001c0216afde4: ; ImmutableOopMap {rbp=NarrowOop [40]=Oop [64]=Oop [104]=Oop }
                      ;*checkcast {reexecute=0 rethrow=0 return_oop=0}
                      ; - java.security.CodeSource::getCertificates@76
                      ; - java.lang.ClassLoader::postDefineClass@24
                      ; - java.lang.ClassLoader::defineClass@37
  0x000001c0216afde4: 7847 74ff 

  0x000001c0216afde8: ;   {post_call_nop}
  0x000001c0216afde8: 0f1f 8400 | e017 002e | baf6 ffff | ff66 6690 

  0x000001c0216afdf8: ;   {runtime_call UncommonTrapBlob}
  0x000001c0216afdf8: c5f8 77e8 

  0x000001c0216afdfc: ; ImmutableOopMap {}
                      ;*invokevirtual getCodeSource {reexecute=0 rethrow=0 return_oop=0}
                      ; - java.lang.ClassLoader::defineClassSourceLocation@1
                      ; - java.lang.ClassLoader::defineClass@12
  0x000001c0216afdfc: 6047 74ff 

  0x000001c0216afe00: ;   {post_call_nop}
  0x000001c0216afe00: 0f1f 8400 | f817 002f | baf6 ffff | ff66 6690 

  0x000001c0216afe10: ;   {runtime_call UncommonTrapBlob}
  0x000001c0216afe10: c5f8 77e8 

  0x000001c0216afe14: ; ImmutableOopMap {}
                      ;*invokevirtual getPackageName {reexecute=0 rethrow=0 return_oop=0}
                      ; - java.lang.ClassLoader::postDefineClass@2
                      ; - java.lang.ClassLoader::defineClass@37
  0x000001c0216afe14: 4847 74ff 

  0x000001c0216afe18: ;   {post_call_nop}
  0x000001c0216afe18: 0f1f 8400 | 1018 0030 | baf6 ffff | ff48 8be8 

  0x000001c0216afe28: ;   {runtime_call UncommonTrapBlob}
  0x000001c0216afe28: c5f8 77e8 

  0x000001c0216afe2c: ; ImmutableOopMap {rbp=Oop }
                      ;*invokevirtual get {reexecute=0 rethrow=0 return_oop=0}
                      ; - java.lang.ClassLoader::getNamedPackage@5
                      ; - java.lang.ClassLoader::postDefineClass@9
                      ; - java.lang.ClassLoader::defineClass@37
  0x000001c0216afe2c: 3047 74ff 

  0x000001c0216afe30: ;   {post_call_nop}
  0x000001c0216afe30: 0f1f 8400 | 2818 0031 | baf6 ffff | ff66 6690 

  0x000001c0216afe40: ;   {runtime_call UncommonTrapBlob}
  0x000001c0216afe40: c5f8 77e8 

  0x000001c0216afe44: ; ImmutableOopMap {}
                      ;*invokevirtual hashCode {reexecute=0 rethrow=0 return_oop=0}
                      ; - java.util.concurrent.ConcurrentHashMap::get@1
                      ; - java.lang.ClassLoader::getNamedPackage@5
                      ; - java.lang.ClassLoader::postDefineClass@9
                      ; - java.lang.ClassLoader::defineClass@37
  0x000001c0216afe44: 1847 74ff 

  0x000001c0216afe48: ;   {post_call_nop}
  0x000001c0216afe48: 0f1f 8400 | 4018 0032 | baf6 ffff | ff66 6690 

  0x000001c0216afe58: ;   {runtime_call UncommonTrapBlob}
  0x000001c0216afe58: c5f8 77e8 

  0x000001c0216afe5c: ; ImmutableOopMap {}
                      ;*arraylength {reexecute=0 rethrow=0 return_oop=0}
                      ; - java.lang.String::length@4
                      ; - java.lang.String::lastIndexOf@3
                      ; - java.lang.Class::getPackageName@47
                      ; - java.lang.ClassLoader::postDefineClass@2
                      ; - java.lang.ClassLoader::defineClass@37
  0x000001c0216afe5c: 0047 74ff 

  0x000001c0216afe60: ;   {post_call_nop}
  0x000001c0216afe60: 0f1f 8400 | 5818 0033 | baf6 ffff | ff66 6690 

  0x000001c0216afe70: ;   {runtime_call UncommonTrapBlob}
  0x000001c0216afe70: c5f8 77e8 

  0x000001c0216afe74: ; ImmutableOopMap {}
                      ;*arraylength {reexecute=0 rethrow=0 return_oop=0}
                      ; - java.lang.String::isEmpty@4
                      ; - java.lang.NamedPackage::<init>@5
                      ; - java.lang.ClassLoader::getNamedPackage@22
                      ; - java.lang.ClassLoader::postDefineClass@9
                      ; - java.lang.ClassLoader::defineClass@37
  0x000001c0216afe74: e846 74ff 

  0x000001c0216afe78: ;   {post_call_nop}
  0x000001c0216afe78: 0f1f 8400 | 7018 0034 | ba45 ffff | ff48 8b6c | 2428 4c8b | 5424 304c | 8954 2428 | 448b 5424 
  0x000001c0216afe98: 3844 8954 | 2430 448b | 5c24 3c44 | 895c 2434 | 4889 4424 | 3844 8944 | 2444 6690 

  0x000001c0216afeb4: ;   {runtime_call UncommonTrapBlob}
  0x000001c0216afeb4: c5f8 77e8 

  0x000001c0216afeb8: ; ImmutableOopMap {rbp=Oop [32]=Oop [40]=Oop [56]=Oop [68]=NarrowOop }
                      ;*ifnull {reexecute=1 rethrow=0 return_oop=0}
                      ; - (reexecute) java.lang.ClassLoader::defineClassSourceLocation@8
                      ; - java.lang.ClassLoader::defineClass@12
  0x000001c0216afeb8: a446 74ff 

  0x000001c0216afebc: ;   {post_call_nop}
  0x000001c0216afebc: 0f1f 8400 | b418 0035 | ba45 ffff | ff66 6690 

  0x000001c0216afecc: ;   {runtime_call UncommonTrapBlob}
  0x000001c0216afecc: c5f8 77e8 

  0x000001c0216afed0: ; ImmutableOopMap {rbp=NarrowOop [32]=Oop [40]=Oop [48]=Oop [64]=Oop }
                      ;*ifnull {reexecute=1 rethrow=0 return_oop=0}
                      ; - (reexecute) java.lang.ClassLoader::defineClassSourceLocation@15
                      ; - java.lang.ClassLoader::defineClass@12
  0x000001c0216afed0: 8c46 74ff 

  0x000001c0216afed4: ;   {post_call_nop}
  0x000001c0216afed4: 0f1f 8400 | cc18 0036 | ba45 ffff | ff66 6690 

  0x000001c0216afee4: ;   {runtime_call UncommonTrapBlob}
  0x000001c0216afee4: c5f8 77e8 

  0x000001c0216afee8: ; ImmutableOopMap {rbp=NarrowOop [104]=Oop }
                      ;*ifnull {reexecute=1 rethrow=0 return_oop=0}
                      ; - (reexecute) java.lang.ClassLoader::postDefineClass@17
                      ; - java.lang.ClassLoader::defineClass@37
  0x000001c0216afee8: 7446 74ff 

  0x000001c0216afeec: ;   {post_call_nop}
  0x000001c0216afeec: 0f1f 8400 | e418 0037 | baf6 ffff | ff66 6690 

  0x000001c0216afefc: ;   {runtime_call UncommonTrapBlob}
  0x000001c0216afefc: c5f8 77e8 

  0x000001c0216aff00: ; ImmutableOopMap {}
                      ;*arraylength {reexecute=0 rethrow=0 return_oop=0}
                      ; - java.lang.StringLatin1::hashCode@3
                      ; - java.lang.String::hashCode@27
                      ; - java.util.concurrent.ConcurrentHashMap::get@1
                      ; - java.lang.ClassLoader::getNamedPackage@5
                      ; - java.lang.ClassLoader::postDefineClass@9
                      ; - java.lang.ClassLoader::defineClass@37
  0x000001c0216aff00: 5c46 74ff 

  0x000001c0216aff04: ;   {post_call_nop}
  0x000001c0216aff04: 0f1f 8400 | fc18 0038 | ba45 ffff | ff4c 8b5c | 2440 4c89 | 5c24 3844 | 894c 2450 | 4889 4424 
  0x000001c0216aff24: 5844 8944 | 2454 4489 | 5424 6090 

  0x000001c0216aff30: ;   {runtime_call UncommonTrapBlob}
  0x000001c0216aff30: c5f8 77e8 

  0x000001c0216aff34: ; ImmutableOopMap {rbp=NarrowOop [40]=Oop [56]=Oop [80]=NarrowOop [84]=NarrowOop [88]=Oop [104]=Oop }
                      ;*ifnull {reexecute=1 rethrow=0 return_oop=0}
                      ; - (reexecute) java.util.concurrent.ConcurrentHashMap::get@67
                      ; - java.lang.ClassLoader::getNamedPackage@5
                      ; - java.lang.ClassLoader::postDefineClass@9
                      ; - java.lang.ClassLoader::defineClass@37
  0x000001c0216aff34: 2846 74ff 

  0x000001c0216aff38: ;   {post_call_nop}
  0x000001c0216aff38: 0f1f 8400 | 3019 0039 | baf6 ffff | ff41 8be8 

  0x000001c0216aff48: ;   {runtime_call UncommonTrapBlob}
  0x000001c0216aff48: c5f8 77e8 

  0x000001c0216aff4c: ; ImmutableOopMap {}
                      ;*aaload {reexecute=0 rethrow=0 return_oop=0}
                      ; - java.security.CodeSource::getCertificates@50
                      ; - java.lang.ClassLoader::postDefineClass@24
                      ; - java.lang.ClassLoader::defineClass@37
  0x000001c0216aff4c: 1046 74ff 

  0x000001c0216aff50: ;   {post_call_nop}
  0x000001c0216aff50: 0f1f 8400 | 4819 003a | baf6 ffff | ff66 6690 

  0x000001c0216aff60: ;   {runtime_call UncommonTrapBlob}
  0x000001c0216aff60: c5f8 77e8 

  0x000001c0216aff64: ; ImmutableOopMap {}
                      ;*invokevirtual getSignerCertPath {reexecute=0 rethrow=0 return_oop=0}
                      ; - java.security.CodeSource::getCertificates@51
                      ; - java.lang.ClassLoader::postDefineClass@24
                      ; - java.lang.ClassLoader::defineClass@37
  0x000001c0216aff64: f845 74ff 

  0x000001c0216aff68: ;   {post_call_nop}
  0x000001c0216aff68: 0f1f 8400 | 6019 003b | baf6 ffff | ff66 6690 

  0x000001c0216aff78: ;   {runtime_call UncommonTrapBlob}
  0x000001c0216aff78: c5f8 77e8 

  0x000001c0216aff7c: ; ImmutableOopMap {}
                      ;*invokevirtual getCertificates {reexecute=0 rethrow=0 return_oop=0}
                      ; - java.security.CodeSource::getCertificates@54
                      ; - java.lang.ClassLoader::postDefineClass@24
                      ; - java.lang.ClassLoader::defineClass@37
  0x000001c0216aff7c: e045 74ff 

  0x000001c0216aff80: ;   {post_call_nop}
  0x000001c0216aff80: 0f1f 8400 | 7819 003c | baf6 ffff | ff66 6690 

  0x000001c0216aff90: ;   {runtime_call UncommonTrapBlob}
  0x000001c0216aff90: c5f8 77e8 

  0x000001c0216aff94: ; ImmutableOopMap {}
                      ;*arraylength {reexecute=0 rethrow=0 return_oop=0}
                      ; - java.security.CodeSource::getCertificates@40
                      ; - java.lang.ClassLoader::postDefineClass@24
                      ; - java.lang.ClassLoader::defineClass@37
  0x000001c0216aff94: c845 74ff 

  0x000001c0216aff98: ;   {post_call_nop}
  0x000001c0216aff98: 0f1f 8400 | 9019 003d | baf4 ffff | ff66 6690 

  0x000001c0216affa8: ;   {runtime_call UncommonTrapBlob}
  0x000001c0216affa8: c5f8 77e8 

  0x000001c0216affac: ; ImmutableOopMap {rbp=NarrowOop [40]=Oop [104]=Oop }
                      ;*checkcast {reexecute=0 rethrow=0 return_oop=0}
                      ; - java.security.CodeSource::getCertificates@76
                      ; - java.lang.ClassLoader::postDefineClass@24
                      ; - java.lang.ClassLoader::defineClass@37
  0x000001c0216affac: b045 74ff 

  0x000001c0216affb0: ;   {post_call_nop}
  0x000001c0216affb0: 0f1f 8400 | a819 003e | ba8f ffff | ff66 6690 

  0x000001c0216affc0: ;   {runtime_call UncommonTrapBlob}
  0x000001c0216affc0: c5f8 77e8 

  0x000001c0216affc4: ; ImmutableOopMap {rbp=NarrowOop [32]=Oop [40]=Oop [48]=Oop [56]=Oop }
                      ;*invokevirtual clone {reexecute=1 rethrow=0 return_oop=0}
                      ; - (reexecute) java.util.Arrays::copyOfRange@11
                      ; - java.lang.StringLatin1::newString@16
                      ; - java.lang.String::substring@41
                      ; - java.lang.Class::getPackageName@62
                      ; - java.lang.ClassLoader::postDefineClass@2
                      ; - java.lang.ClassLoader::defineClass@37
  0x000001c0216affc4: 9845 74ff 

  0x000001c0216affc8: ;   {post_call_nop}
  0x000001c0216affc8: 0f1f 8400 | c019 003f | ba8f ffff | ff66 6690 

  0x000001c0216affd8: ;   {runtime_call UncommonTrapBlob}
  0x000001c0216affd8: c5f8 77e8 

  0x000001c0216affdc: ; ImmutableOopMap {[32]=Oop [56]=NarrowOop [104]=Oop }
                      ;*invokevirtual clone {reexecute=1 rethrow=0 return_oop=0}
                      ; - (reexecute) java.security.CodeSource::getCertificates@11
                      ; - java.lang.ClassLoader::postDefineClass@24
                      ; - java.lang.ClassLoader::defineClass@37
  0x000001c0216affdc: 8045 74ff 

  0x000001c0216affe0: ;   {post_call_nop}
  0x000001c0216affe0: 0f1f 8400 | d819 0040 | ba8f ffff | ff4c 8b54 | 2428 4c89 | 5424 2090 

  0x000001c0216afff8: ;   {runtime_call UncommonTrapBlob}
  0x000001c0216afff8: c5f8 77e8 

  0x000001c0216afffc: ; ImmutableOopMap {[32]=Oop [56]=Oop [104]=Oop }
                      ;*invokevirtual clone {reexecute=1 rethrow=0 return_oop=0}
                      ; - (reexecute) java.security.CodeSource::getCertificates@86
                      ; - java.lang.ClassLoader::postDefineClass@24
                      ; - java.lang.ClassLoader::defineClass@37
  0x000001c0216afffc: 6045 74ff 

  0x000001c0216b0000: ;   {post_call_nop}
  0x000001c0216b0000: 0f1f 8400 | f819 0041 | eb14 eb12 | eb25 eb00 | 488b d0eb | 30eb 07eb | 1a48 8bd0 | eb27 488b 
  0x000001c0216b0020: d0eb 22eb | 0e48 8bd0 | eb1b eb07 | 488b d0eb | 14eb 0048 | 8bd0 eb0d | 488b d0eb | 0848 8bd0 
  0x000001c0216b0040: eb03 488b | d0c5 f877 | 4881 c4a0 | 0000 005d 

  0x000001c0216b0050: ;   {runtime_call C2 Runtime rethrow}
  0x000001c0216b0050: e98b d77d | ff45 8b1a | 4983 fb00 | 0f84 15ea | ffff 4d8b | 4738 4d85 | c00f 8414 | 0000 0049 
  0x000001c0216b0070: 83e8 084d | 8947 384d | 0347 404d | 8918 e9f4 | e9ff ff48 | 83ec 304c | 8954 2428 | 4889 7424 
  0x000001c0216b0090: 2049 8bcb 

  0x000001c0216b0094: ;   {runtime_call}
  0x000001c0216b0094: 498b d748 | b850 fbf2 | 6fff 7f00 | 00ff d048 | 8b74 2420 | 4c8b 5424 | 28c5 f877 | 4883 c430 
  0x000001c0216b00b4: e9be e9ff | fff0 8344 | 24c0 0041 | 8038 000f | 84e2 e9ff | ff41 c600 | 004d 8b5f | 504d 85db 
  0x000001c0216b00d4: 0f84 1400 | 0000 4983 | eb08 4d89 | 5f50 4d03 | 5f58 4d89 | 03e9 bde9 | ffff 4883 | ec20 498b 
  0x000001c0216b00f4: c849 8bd7 

  0x000001c0216b00f8: ;   {runtime_call}
  0x000001c0216b00f8: 48b8 30fb | f26f ff7f | 0000 ffd0 | c5f8 7748 | 83c4 20e9 | 9be9 ffff | 458b 0849 | 83f9 000f 
  0x000001c0216b0118: 84be e9ff | ff4d 8b5f | 384d 85db | 0f84 1400 | 0000 4983 | eb08 4d89 | 5f38 4d03 | 5f40 4d89 
  0x000001c0216b0138: 0be9 9de9 | ffff 4883 | ec40 4c89 | 5424 384c | 8944 2430 | 4889 4424 | 2849 8bc9 

  0x000001c0216b0154: ;   {runtime_call}
  0x000001c0216b0154: 498b d748 | b850 fbf2 | 6fff 7f00 | 00ff d048 | 8b44 2428 | 4c8b 4424 | 304c 8b54 | 2438 c5f8 
  0x000001c0216b0174: 7748 83c4 | 40e9 5de9 | ffff f083 | 4424 c000 | 4180 3b00 | 0f84 8be9 | ffff 41c6 | 0300 4d8b 
  0x000001c0216b0194: 4f50 4d85 | c90f 8414 | 0000 0049 | 83e9 084d | 894f 504d | 034f 584d | 8919 e966 | e9ff ff48 
  0x000001c0216b01b4: 83ec 3048 | 8944 2428 | 498b cb49 

  0x000001c0216b01c0: ;   {runtime_call}
  0x000001c0216b01c0: 8bd7 48b8 | 30fb f26f | ff7f 0000 | ffd0 488b | 4424 28c5 | f877 4883 | c430 e93a | e9ff ff45 
  0x000001c0216b01e0: 8b03 4983 | f800 0f84 | a2ea ffff | 4d8b 4f38 | 4d85 c90f | 8414 0000 | 0049 83e9 | 084d 894f 
  0x000001c0216b0200: 384d 034f | 404d 8901 | e981 eaff | ff48 83ec | 404c 8954 | 2438 4c89 | 5c24 3048 | 894c 2428 
  0x000001c0216b0220: 4889 4424 | 2049 8bc8 

  0x000001c0216b0228: ;   {runtime_call}
  0x000001c0216b0228: 498b d748 | b850 fbf2 | 6fff 7f00 | 00ff d048 | 8b44 2420 | 488b 4c24 | 284c 8b5c | 2430 4c8b 
  0x000001c0216b0248: 5424 38c5 | f877 4883 | c440 e937 | eaff fff0 | 8344 24c0 | 0041 8039 | 000f 8465 | eaff ff41 
  0x000001c0216b0268: c601 004d | 8b47 504d | 85c0 0f84 | 1400 0000 | 4983 e808 | 4d89 4750 | 4d03 4758 | 4d89 08e9 
  0x000001c0216b0288: 40ea ffff | 4883 ec30 | 4c89 5424 | 2848 894c | 2420 498b | c949 8bd7 

  0x000001c0216b02a0: ;   {runtime_call}
  0x000001c0216b02a0: 48b8 30fb | f26f ff7f | 0000 ffd0 | 488b 4c24 | 204c 8b54 | 2428 c5f8 | 7748 83c4 | 30e9 0aea 
  0x000001c0216b02c0: ffff 458b | 0849 83f9 | 000f 8411 | eaff ff4d | 8b57 384d | 85d2 0f84 | 1400 0000 | 4983 ea08 
  0x000001c0216b02e0: 4d89 5738 | 4d03 5740 | 4d89 0ae9 | f0e9 ffff | 4883 ec40 | 4c89 5c24 | 384c 8944 | 2430 4889 
  0x000001c0216b0300: 4c24 2849 | 8bc9 498b 

  0x000001c0216b0308: ;   {runtime_call}
  0x000001c0216b0308: d748 b850 | fbf2 6fff | 7f00 00ff | d048 8b4c | 2428 4c8b | 4424 304c | 8b5c 2438 | c5f8 7748 
  0x000001c0216b0328: 83c4 40e9 | b0e9 ffff | f083 4424 | c000 4180 | 3a00 0f84 | dee9 ffff | 41c6 0200 | 4d8b 4f50 
  0x000001c0216b0348: 4d85 c90f | 8414 0000 | 0049 83e9 | 084d 894f | 504d 034f | 584d 8911 | e9b9 e9ff | ff48 83ec 
  0x000001c0216b0368: 3048 894c | 2428 498b | ca49 8bd7 

  0x000001c0216b0374: ;   {runtime_call}
  0x000001c0216b0374: 48b8 30fb | f26f ff7f | 0000 ffd0 | 488b 4c24 | 28c5 f877 | 4883 c430 | e98d e9ff | ff45 8b19 
  0x000001c0216b0394: 4983 fb00 | 0f84 a7f2 | ffff 4d8b | 5738 4d85 | d20f 8414 | 0000 0049 | 83ea 084d | 8957 384d 
  0x000001c0216b03b4: 0357 404d | 891a e986 | f2ff ff48 | 83ec 404c | 8944 2438 | 4c89 4c24 | 3048 894c | 2428 498b 
  0x000001c0216b03d4: cb49 8bd7 

  0x000001c0216b03d8: ;   {runtime_call}
  0x000001c0216b03d8: 48b8 50fb | f26f ff7f | 0000 ffd0 | 488b 4c24 | 284c 8b4c | 2430 4c8b | 4424 38c5 | f877 4883 
  0x000001c0216b03f8: c440 e946 | f2ff fff0 | 8344 24c0 | 0041 803a | 000f 846a | f2ff ff41 | c602 004d | 8b5f 504d 
  0x000001c0216b0418: 85db 0f84 | 1400 0000 | 4983 eb08 | 4d89 5f50 | 4d03 5f58 | 4d89 13e9 | 45f2 ffff | 4883 ec30 
  0x000001c0216b0438: 4c89 4424 | 2849 8bca 

  0x000001c0216b0440: ;   {runtime_call}
  0x000001c0216b0440: 498b d748 | b830 fbf2 | 6fff 7f00 | 00ff d04c | 8b44 2428 | c5f8 7748 | 83c4 30e9 | 19f2 ffff 
  0x000001c0216b0460: ;   {internal_word}
  0x000001c0216b0460: 49ba e2ef | 6a21 c001 | 0000 4d89 | 97e0 0400 

  0x000001c0216b0470: ;   {runtime_call SafepointBlob}
  0x000001c0216b0470: 00e9 ea0a 

  0x000001c0216b0474: ;   {runtime_call Stub::method_entry_barrier}
  0x000001c0216b0474: 71ff e8e5 | 8b6f ffe9 | aee2 ffff 
[Stub Code]
  0x000001c0216b0480: ;   {static_stub}
  0x000001c0216b0480: 48bb 0000 | 0000 0000 

  0x000001c0216b0488: ;   {runtime_call nmethod}
  0x000001c0216b0488: 0000 e9fb 

  0x000001c0216b048c: ;   {static_stub}
  0x000001c0216b048c: ffff ff48 | bb00 0000 | 0000 0000 

  0x000001c0216b0498: ;   {runtime_call nmethod}
  0x000001c0216b0498: 00e9 fbff 

  0x000001c0216b049c: ;   {static_stub}
  0x000001c0216b049c: ffff 48bb | 0000 0000 | 0000 0000 

  0x000001c0216b04a8: ;   {runtime_call nmethod}
  0x000001c0216b04a8: e9fb ffff 

  0x000001c0216b04ac: ;   {static_stub}
  0x000001c0216b04ac: ff48 bb00 | 0000 0000 

  0x000001c0216b04b4: ;   {runtime_call nmethod}
  0x000001c0216b04b4: 0000 00e9 | fbff ffff 

  0x000001c0216b04bc: ;   {static_stub}
  0x000001c0216b04bc: 48bb 0000 | 0000 0000 

  0x000001c0216b04c4: ;   {runtime_call nmethod}
  0x000001c0216b04c4: 0000 e9fb 

  0x000001c0216b04c8: ;   {static_stub}
  0x000001c0216b04c8: ffff ff48 | bb00 0000 | 0000 0000 

  0x000001c0216b04d4: ;   {runtime_call nmethod}
  0x000001c0216b04d4: 00e9 fbff 

  0x000001c0216b04d8: ;   {static_stub}
  0x000001c0216b04d8: ffff 48bb | 0000 0000 | 0000 0000 

  0x000001c0216b04e4: ;   {runtime_call nmethod}
  0x000001c0216b04e4: e9fb ffff 

  0x000001c0216b04e8: ;   {static_stub}
  0x000001c0216b04e8: ff48 bb00 | 0000 0000 

  0x000001c0216b04f0: ;   {runtime_call nmethod}
  0x000001c0216b04f0: 0000 00e9 | fbff ffff 

  0x000001c0216b04f8: ;   {static_stub}
  0x000001c0216b04f8: 48bb 0000 | 0000 0000 

  0x000001c0216b0500: ;   {runtime_call nmethod}
  0x000001c0216b0500: 0000 e9fb 

  0x000001c0216b0504: ;   {static_stub}
  0x000001c0216b0504: ffff ff48 | bb00 0000 | 0000 0000 

  0x000001c0216b0510: ;   {runtime_call nmethod}
  0x000001c0216b0510: 00e9 fbff 

  0x000001c0216b0514: ;   {static_stub}
  0x000001c0216b0514: ffff 48bb | 0000 0000 | 0000 0000 

  0x000001c0216b0520: ;   {runtime_call nmethod}
  0x000001c0216b0520: e9fb ffff 

  0x000001c0216b0524: ;   {static_stub}
  0x000001c0216b0524: ff48 bb00 | 0000 0000 

  0x000001c0216b052c: ;   {runtime_call nmethod}
  0x000001c0216b052c: 0000 00e9 | fbff ffff 
[Exception Handler]
  0x000001c0216b0534: ;   {runtime_call ExceptionBlob}
  0x000001c0216b0534: e927 4374 | ffe8 0000 | 0000 4883 

  0x000001c0216b0540: ;   {runtime_call DeoptimizationBlob}
  0x000001c0216b0540: 2c24 05e9 | 180d 71ff 
[/MachCode]


Compiled method (c2) 293065 10453       4       java.security.SecureClassLoader::defineClass (16 bytes)
 total in heap  [0x000001c021434788,0x000001c021434b38] = 944
 main code      [0x000001c021434880,0x000001c021434b00] = 640
 stub code      [0x000001c021434b00,0x000001c021434b38] = 56
 mutable data [0x000001c03819c120,0x000001c03819c1e8] = 200
 relocation     [0x000001c03819c120,0x000001c03819c180] = 96
 metadata       [0x000001c03819c180,0x000001c03819c1e8] = 104
 immutable data [0x000001c03d34f730,0x000001c03d34f948] = 536
 dependencies   [0x000001c03d34f730,0x000001c03d34f748] = 24
 nul chk table  [0x000001c03d34f748,0x000001c03d34f760] = 24
 handler table  [0x000001c03d34f760,0x000001c03d34f7c0] = 96
 scopes pcs     [0x000001c03d34f7c0,0x000001c03d34f870] = 176
 scopes data    [0x000001c03d34f870,0x000001c03d34f948] = 216

[Constant Pool (empty)]

[MachCode]
[Instructions begin]
  0x000001c021434880: 6690 448b | 5208 443b 

  0x000001c021434888: ;   {runtime_call Shared Runtime ic_miss_blob}
  0x000001c021434888: 5008 0f85 | 50a2 98ff 
[Verified Entry Point]
  0x000001c021434890: 8984 2400 | 80ff ff55 | 4883 ec50 | 4181 7f20 | 1f00 0000 | 0f85 4a02 | 0000 8974 | 241c 897c 
  0x000001c0214348b0: 2418 4c89 | 4c24 104c | 8944 2408 | 4889 1424 | 488b e948 | 85c9 0f84 | 5c01 0000 | 4d8b 87c8 
  0x000001c0214348d0: 0100 004d | 8bd0 4983 | c210 4d3b | 97d8 0100 | 000f 8306 | 0100 004d | 8997 c801 | 0000 410f 
  0x000001c0214348f0: 1882 0001 | 0000 49c7 | 0001 0000 

  0x000001c0214348fc: ;   {metadata('java/security/SecureClassLoader$CodeSourceKey')}
  0x000001c0214348fc: 0041 c740 | 0898 810e | 1e4c 8bdd | 4589 580c | 4d8b 8fc8 | 0100 004c | 8b14 2441 | 8b6a 504d 
  0x000001c02143491c: 8bd1 4983 | c210 4d3b | 97d8 0100 | 000f 8395 | 0000 004d | 8997 c801 | 0000 410f | 1882 0001 
  0x000001c02143493c: 0000 49c7 | 0101 0000 

  0x000001c021434944: ;   {metadata('java/security/SecureClassLoader$1')}
  0x000001c021434944: 0041 c741 | 08e8 830e | 1e4c 8b14 | 244d 8bda | 4589 590c 

  0x000001c021434958: ; implicit exception: dispatches to 0x000001c021434a80
  0x000001c021434958: 448b 5d08 

  0x000001c02143495c: ;   {metadata('java/util/concurrent/ConcurrentHashMap')}
  0x000001c02143495c: 4181 fb90 | 5601 1e0f | 85a3 0000 | 0048 8bd5 

  0x000001c02143496c: ;   {optimized virtual_call}
  0x000001c02143496c: 6666 90e8 

  0x000001c021434970: ; ImmutableOopMap {[0]=Oop [8]=Oop [16]=Oop }
                      ;*invokeinterface computeIfAbsent {reexecute=0 rethrow=0 return_oop=1}
                      ; - java.security.SecureClassLoader::getProtectionDomain@28
                      ; - java.security.SecureClassLoader::defineClass@9
  0x000001c021434970: 9cee 2700 

  0x000001c021434974: ;   {post_call_nop}
  0x000001c021434974: 0f1f 8400 | ec01 0000 

  0x000001c02143497c: ; implicit exception: dispatches to 0x000001c021434a9c
  0x000001c02143497c: 448b 5008 

  0x000001c021434980: ;   {metadata('java/security/ProtectionDomain')}
  0x000001c021434980: 4181 fa20 | 4500 1e0f | 85af 0000 | 0048 8bc8 | 488b 1424 | 4c8b 4424 | 084c 8b4c | 2410 8b7c 
  0x000001c0214349a0: 2418 8b74 

  0x000001c0214349a4: ;   {optimized virtual_call}
  0x000001c0214349a4: 241c 90e8 

  0x000001c0214349a8: ; ImmutableOopMap {}
                      ;*invokevirtual defineClass {reexecute=0 rethrow=0 return_oop=1}
                      ; - java.security.SecureClassLoader::defineClass@12
  0x000001c0214349a8: 649d 2700 

  0x000001c0214349ac: ;   {post_call_nop}
  0x000001c0214349ac: 0f1f 8400 | 2402 0001 | 4883 c450 

  0x000001c0214349b8: ;   {poll_return}
  0x000001c0214349b8: 5d49 3b67 | 280f 871b | 0100 00c3 

  0x000001c0214349c4: ;   {metadata('java/security/SecureClassLoader$1')}
  0x000001c0214349c4: 48ba e883 | 0e1e 0000 | 0000 4c89 

  0x000001c0214349d0: ;   {runtime_call C2 Runtime new_instance}
  0x000001c0214349d0: 4424 30e8 

  0x000001c0214349d4: ; ImmutableOopMap {rbp=NarrowOop [0]=Oop [8]=Oop [16]=Oop [48]=Oop }
                      ;*new {reexecute=0 rethrow=0 return_oop=1}
                      ; - java.security.SecureClassLoader::getProtectionDomain@20
                      ; - java.security.SecureClassLoader::defineClass@9
  0x000001c0214349d4: 88f8 9bff 

  0x000001c0214349d8: ;   {post_call_nop}
  0x000001c0214349d8: 0f1f 8400 | 5002 0002 | 4c8b c84c | 8b44 2430 | e960 ffff 

  0x000001c0214349ec: ;   {metadata('java/security/SecureClassLoader$CodeSourceKey')}
  0x000001c0214349ec: ff48 ba98 | 810e 1e00 

  0x000001c0214349f4: ;   {runtime_call C2 Runtime new_instance}
  0x000001c0214349f4: 0000 00e8 

  0x000001c0214349f8: ; ImmutableOopMap {rbp=Oop [0]=Oop [8]=Oop [16]=Oop }
                      ;*new {reexecute=0 rethrow=0 return_oop=1}
                      ; - java.security.SecureClassLoader::getProtectionDomain@6
                      ; - java.security.SecureClassLoader::defineClass@9
  0x000001c0214349f8: 64f8 9bff 

  0x000001c0214349fc: ;   {post_call_nop}
  0x000001c0214349fc: 0f1f 8400 | 7402 0003 | 4c8b c0e9 | f9fe ffff | bade ffff | ff4c 8944 | 2420 4c89 

  0x000001c021434a18: ;   {runtime_call UncommonTrapBlob}
  0x000001c021434a18: 4c24 28e8 

  0x000001c021434a1c: ; ImmutableOopMap {rbp=NarrowOop [0]=Oop [8]=Oop [16]=Oop [32]=Oop [40]=Oop }
                      ;*invokeinterface computeIfAbsent {reexecute=0 rethrow=0 return_oop=0}
                      ; - java.security.SecureClassLoader::getProtectionDomain@28
                      ; - java.security.SecureClassLoader::defineClass@9
  0x000001c021434a1c: 40fb 9bff 

  0x000001c021434a20: ;   {post_call_nop}
  0x000001c021434a20: 0f1f 8400 | 9802 0004 | ba45 ffff 

  0x000001c021434a2c: ;   {runtime_call UncommonTrapBlob}
  0x000001c021434a2c: ff66 90e8 

  0x000001c021434a30: ; ImmutableOopMap {rbp=Oop [0]=Oop [8]=Oop [16]=Oop }
                      ;*ifnonnull {reexecute=1 rethrow=0 return_oop=0}
                      ; - (reexecute) java.security.SecureClassLoader::getProtectionDomain@1
                      ; - java.security.SecureClassLoader::defineClass@9
  0x000001c021434a30: 2cfb 9bff 

  0x000001c021434a34: ;   {post_call_nop}
  0x000001c021434a34: 0f1f 8400 | ac02 0005 | bade ffff | ff48 8b2c | 244c 8b54 | 2408 4c89 | 1424 4c8b | 5424 104c 
  0x000001c021434a54: 8954 2408 | 448b 5424 | 1844 8954 | 2410 448b | 5c24 1c44 | 895c 2414 | 4889 4424 

  0x000001c021434a70: ;   {runtime_call UncommonTrapBlob}
  0x000001c021434a70: 1866 90e8 

  0x000001c021434a74: ; ImmutableOopMap {rbp=Oop [0]=Oop [8]=Oop [24]=Oop }
                      ;*checkcast {reexecute=0 rethrow=0 return_oop=0}
                      ; - java.security.SecureClassLoader::getProtectionDomain@33
                      ; - java.security.SecureClassLoader::defineClass@9
  0x000001c021434a74: e8fa 9bff 

  0x000001c021434a78: ;   {post_call_nop}
  0x000001c021434a78: 0f1f 8400 | f002 0006 | baf6 ffff | ff49 8be8 | 4c89 0c24 

  0x000001c021434a8c: ;   {runtime_call UncommonTrapBlob}
  0x000001c021434a8c: 6666 90e8 

  0x000001c021434a90: ; ImmutableOopMap {rbp=Oop [0]=Oop }
                      ;*invokeinterface computeIfAbsent {reexecute=0 rethrow=0 return_oop=0}
                      ; - java.security.SecureClassLoader::getProtectionDomain@28
                      ; - java.security.SecureClassLoader::defineClass@9
  0x000001c021434a90: ccfa 9bff 

  0x000001c021434a94: ;   {post_call_nop}
  0x000001c021434a94: 0f1f 8400 | 0c03 0007 | baf4 ffff | ff48 8b2c | 244c 8b54 | 2408 4c89 | 1424 4c8b | 5424 104c 
  0x000001c021434ab4: 8954 2408 

  0x000001c021434ab8: ;   {runtime_call UncommonTrapBlob}
  0x000001c021434ab8: 6666 90e8 

  0x000001c021434abc: ; ImmutableOopMap {rbp=Oop [0]=Oop [8]=Oop }
                      ;*checkcast {reexecute=0 rethrow=0 return_oop=0}
                      ; - java.security.SecureClassLoader::getProtectionDomain@33
                      ; - java.security.SecureClassLoader::defineClass@9
  0x000001c021434abc: a0fa 9bff 

  0x000001c021434ac0: ;   {post_call_nop}
  0x000001c021434ac0: 0f1f 8400 | 3803 0008 | eb02 eb00 | 488b d0eb | 0348 8bd0 | 4883 c450 

  0x000001c021434ad8: ;   {runtime_call C2 Runtime rethrow}
  0x000001c021434ad8: 5de9 028d 

  0x000001c021434adc: ;   {internal_word}
  0x000001c021434adc: a5ff 49ba | b949 4321 | c001 0000 | 4d89 97e0 

  0x000001c021434aec: ;   {runtime_call SafepointBlob}
  0x000001c021434aec: 0400 00e9 | 6cc4 98ff 

  0x000001c021434af4: ;   {runtime_call Stub::method_entry_barrier}
  0x000001c021434af4: e867 4597 | ffe9 acfd | ffff f4f4 
[Stub Code]
  0x000001c021434b00: ;   {static_stub}
  0x000001c021434b00: 48bb 0000 | 0000 0000 

  0x000001c021434b08: ;   {runtime_call nmethod}
  0x000001c021434b08: 0000 e9fb 

  0x000001c021434b0c: ;   {static_stub}
  0x000001c021434b0c: ffff ff48 | bb00 0000 | 0000 0000 

  0x000001c021434b18: ;   {runtime_call nmethod}
  0x000001c021434b18: 00e9 fbff 

  0x000001c021434b1c: ;   {runtime_call ExceptionBlob}
  0x000001c021434b1c: ffff e93d | fd9b ffe8 | 0000 0000 | 4883 2c24 

  0x000001c021434b2c: ;   {runtime_call DeoptimizationBlob}
  0x000001c021434b2c: 05e9 2ec7 | 98ff f4f4 | f4f4 f4f4 
[/MachCode]


---------------  P R O C E S S  ---------------

Threads class SMR info:
_java_thread_list=0x000001c03dce87b0, length=61, elements={
0x000001c01491d7a0, 0x000001c02e54e960, 0x000001c02e55b1f0, 0x000001c02e55cdc0,
0x000001c02e55d980, 0x000001c02e55e540, 0x000001c02e55f100, 0x000001c02e55fcc0,
0x000001c02e560bb0, 0x000001c02e5be5a0, 0x000001c02ea24f70, 0x000001c035a3ec60,
0x000001c035b64ab0, 0x000001c0359afb80, 0x000001c034ee5880, 0x000001c034ee6050,
0x000001c034ee77c0, 0x000001c034ee9700, 0x000001c034ee9ed0, 0x000001c034b9e270,
0x000001c034b9c330, 0x000001c034ba01b0, 0x000001c034b9cb00, 0x000001c034b9daa0,
0x000001c034b9f9e0, 0x000001c034b9d2d0, 0x000001c034ba28c0, 0x000001c0362ddb70,
0x000001c0373d79e0, 0x000001c0373dcfd0, 0x000001c03d688990, 0x000001c03d68a100,
0x000001c03d6879f0, 0x000001c034901830, 0x000001c034903770, 0x000001c034901060,
0x000001c034902000, 0x000001c034906650, 0x000001c034908590, 0x000001c0362e0a50,
0x000001c0362dd3a0, 0x000001c0362de340, 0x000001c0362e21c0, 0x000001c0362e48d0,
0x000001c035d89880, 0x000001c035d888e0, 0x000001c035d87940, 0x000001c035d8a050,
0x000001c035d8a820, 0x000001c035d87170, 0x000001c038019b30, 0x000001c038019360,
0x000001c034744540, 0x000001c0347454e0, 0x000001c0347435a0, 0x000001c034745cb0,
0x000001c034743d70, 0x000001c034742600, 0x000001c034746480, 0x000001c034746c50,
0x000001c03474a300
}

Java Threads: ( => current thread )
  0x000001c01491d7a0 JavaThread "main"                              [_thread_blocked, id=10360, stack(0x00000085aaa00000,0x00000085aab00000) (1024K)]
  0x000001c02e54e960 JavaThread "Common-Cleaner"             daemon [_thread_blocked, id=7636, stack(0x00000085ab200000,0x00000085ab300000) (1024K)]
  0x000001c02e55b1f0 JavaThread "Reference Handler"          daemon [_thread_blocked, id=19440, stack(0x00000085ab300000,0x00000085ab400000) (1024K)]
  0x000001c02e55cdc0 JavaThread "Finalizer"                  daemon [_thread_blocked, id=10116, stack(0x00000085ab400000,0x00000085ab500000) (1024K)]
  0x000001c02e55d980 JavaThread "Signal Dispatcher"          daemon [_thread_blocked, id=8500, stack(0x00000085ab500000,0x00000085ab600000) (1024K)]
  0x000001c02e55e540 JavaThread "Attach Listener"            daemon [_thread_blocked, id=3760, stack(0x00000085ab600000,0x00000085ab700000) (1024K)]
  0x000001c02e55f100 JavaThread "Service Thread"             daemon [_thread_blocked, id=3740, stack(0x00000085ab700000,0x00000085ab800000) (1024K)]
  0x000001c02e55fcc0 JavaThread "Monitor Deflation Thread"   daemon [_thread_blocked, id=16448, stack(0x00000085ab800000,0x00000085ab900000) (1024K)]
  0x000001c02e560bb0 JavaThread "C2 CompilerThread0"         daemon [_thread_blocked, id=11476, stack(0x00000085ab900000,0x00000085aba00000) (1024K)]
  0x000001c02e5be5a0 JavaThread "C1 CompilerThread0"         daemon [_thread_blocked, id=20404, stack(0x00000085aba00000,0x00000085abb00000) (1024K)]
  0x000001c02ea24f70 JavaThread "Notification Thread"        daemon [_thread_blocked, id=10308, stack(0x00000085abb00000,0x00000085abc00000) (1024K)]
  0x000001c035a3ec60 JavaThread "Daemon health stats"               [_thread_blocked, id=9640, stack(0x00000085ac100000,0x00000085ac200000) (1024K)]
  0x000001c035b64ab0 JavaThread "Incoming local TCP Connector on port 57355"        [_thread_in_native, id=12132, stack(0x00000085ac200000,0x00000085ac300000) (1024K)]
  0x000001c0359afb80 JavaThread "Daemon periodic checks"            [_thread_blocked, id=20176, stack(0x00000085ac300000,0x00000085ac400000) (1024K)]
  0x000001c034ee5880 JavaThread "Cache worker for journal cache (C:\Users\user\.gradle\caches\journal-1)"        [_thread_blocked, id=18932, stack(0x00000085ace00000,0x00000085acf00000) (1024K)]
  0x000001c034ee6050 JavaThread "File lock request listener"        [_thread_in_native, id=13544, stack(0x00000085acf00000,0x00000085ad000000) (1024K)]
  0x000001c034ee77c0 JavaThread "Cache worker for file hash cache (C:\Users\user\.gradle\caches\9.6.0\fileHashes)"        [_thread_blocked, id=1644, stack(0x00000085ad000000,0x00000085ad100000) (1024K)]
  0x000001c034ee9700 JavaThread "File watcher server"        daemon [_thread_in_native, id=5304, stack(0x00000085ad300000,0x00000085ad400000) (1024K)]
  0x000001c034ee9ed0 JavaThread "File watcher consumer"      daemon [_thread_blocked, id=700, stack(0x00000085ad400000,0x00000085ad500000) (1024K)]
  0x000001c034b9e270 JavaThread "jar transforms"                    [_thread_blocked, id=11480, stack(0x00000085ad500000,0x00000085ad600000) (1024K)]
  0x000001c034b9c330 JavaThread "jar transforms Thread 2"           [_thread_blocked, id=12672, stack(0x00000085ad600000,0x00000085ad700000) (1024K)]
  0x000001c034ba01b0 JavaThread "jar transforms Thread 3"           [_thread_blocked, id=7920, stack(0x00000085ad700000,0x00000085ad800000) (1024K)]
  0x000001c034b9cb00 JavaThread "jar transforms Thread 4"           [_thread_blocked, id=6692, stack(0x00000085ad800000,0x00000085ad900000) (1024K)]
  0x000001c034b9daa0 JavaThread "jar transforms Thread 5"           [_thread_blocked, id=10480, stack(0x00000085ad900000,0x00000085ada00000) (1024K)]
  0x000001c034b9f9e0 JavaThread "jar transforms Thread 6"           [_thread_blocked, id=4396, stack(0x00000085ada00000,0x00000085adb00000) (1024K)]
  0x000001c034b9d2d0 JavaThread "jar transforms Thread 7"           [_thread_blocked, id=18192, stack(0x00000085adb00000,0x00000085adc00000) (1024K)]
  0x000001c034ba28c0 JavaThread "jar transforms Thread 8"           [_thread_blocked, id=8624, stack(0x00000085adc00000,0x00000085add00000) (1024K)]
  0x000001c0362ddb70 JavaThread "Cache worker for file content cache (C:\Users\user\.gradle\caches\9.6.0\fileContent)"        [_thread_blocked, id=21484, stack(0x00000085add00000,0x00000085ade00000) (1024K)]
  0x000001c0373d79e0 JavaThread "Memory manager"                    [_thread_blocked, id=16436, stack(0x00000085ae900000,0x00000085aea00000) (1024K)]
  0x000001c0373dcfd0 JavaThread "pool-3-thread-1"                   [_thread_blocked, id=9388, stack(0x00000085aea00000,0x00000085aeb00000) (1024K)]
  0x000001c03d688990 JavaThread "Daemon Thread 2"                   [_thread_blocked, id=21436, stack(0x00000085aa700000,0x00000085aa800000) (1024K)]
  0x000001c03d68a100 JavaThread "Handler for socket connection from /127.0.0.1:57355 to /127.0.0.1:65264"        [_thread_in_native, id=16044, stack(0x00000085aa800000,0x00000085aa900000) (1024K)]
  0x000001c03d6879f0 JavaThread "Cancel handler"                    [_thread_blocked, id=10888, stack(0x00000085aa900000,0x00000085aaa00000) (1024K)]
  0x000001c034901830 JavaThread "Daemon worker Thread 2"            [_thread_blocked, id=6116, stack(0x00000085ac600000,0x00000085ac700000) (1024K)]
  0x000001c034903770 JavaThread "Asynchronous log dispatcher for DefaultDaemonConnection: socket connection from /127.0.0.1:57355 to /127.0.0.1:65264"        [_thread_blocked, id=18628, stack(0x00000085ac800000,0x00000085ac900000) (1024K)]
  0x000001c034901060 JavaThread "Stdin handler"                     [_thread_blocked, id=21332, stack(0x00000085ac900000,0x00000085aca00000) (1024K)]
  0x000001c034902000 JavaThread "Daemon client event forwarder"        [_thread_blocked, id=8272, stack(0x00000085aca00000,0x00000085acb00000) (1024K)]
  0x000001c034906650 JavaThread "Cache worker for file hash cache (C:\Users\user\AndroidStudioProjects\SmartPantryManager\.gradle\9.6.0\fileHashes)"        [_thread_blocked, id=7000, stack(0x00000085acb00000,0x00000085acc00000) (1024K)]
  0x000001c034908590 JavaThread "Cache worker for Build Output Cleanup Cache (C:\Users\user\AndroidStudioProjects\SmartPantryManager\.gradle\buildOutputCleanup)"        [_thread_blocked, id=11076, stack(0x00000085acc00000,0x00000085acd00000) (1024K)]
  0x000001c0362e0a50 JavaThread "Cache worker for checksums cache (C:\Users\user\AndroidStudioProjects\SmartPantryManager\.gradle\9.6.0\checksums)"        [_thread_blocked, id=10172, stack(0x00000085acd00000,0x00000085ace00000) (1024K)]
  0x000001c0362dd3a0 JavaThread "Cache worker for cache directory md-supplier (C:\Users\user\.gradle\caches\9.6.0\md-supplier)"        [_thread_blocked, id=7932, stack(0x00000085ad100000,0x00000085ad200000) (1024K)]
  0x000001c0362de340 JavaThread "Cache worker for cache directory md-rule (C:\Users\user\.gradle\caches\9.6.0\md-rule)"        [_thread_blocked, id=1052, stack(0x00000085ad200000,0x00000085ad300000) (1024K)]
  0x000001c0362e21c0 JavaThread "Build operations"                  [_thread_blocked, id=9320, stack(0x00000085ade00000,0x00000085adf00000) (1024K)]
  0x000001c0362e48d0 JavaThread "Build operations Thread 2"         [_thread_blocked, id=8148, stack(0x00000085adf00000,0x00000085ae000000) (1024K)]
  0x000001c035d89880 JavaThread "Build operations Thread 3"         [_thread_blocked, id=7608, stack(0x00000085ae000000,0x00000085ae100000) (1024K)]
  0x000001c035d888e0 JavaThread "Build operations Thread 4"         [_thread_blocked, id=13224, stack(0x00000085ae100000,0x00000085ae200000) (1024K)]
  0x000001c035d87940 JavaThread "Build operations Thread 5"         [_thread_blocked, id=19868, stack(0x00000085ae200000,0x00000085ae300000) (1024K)]
  0x000001c035d8a050 JavaThread "Build operations Thread 6"         [_thread_blocked, id=14872, stack(0x00000085ae300000,0x00000085ae400000) (1024K)]
  0x000001c035d8a820 JavaThread "Build operations Thread 7"         [_thread_blocked, id=13136, stack(0x00000085ae400000,0x00000085ae500000) (1024K)]
  0x000001c035d87170 JavaThread "Build operations Thread 8"         [_thread_blocked, id=21300, stack(0x00000085ae500000,0x00000085ae600000) (1024K)]
  0x000001c038019b30 JavaThread "pool-6-thread-1"                   [_thread_blocked, id=7444, stack(0x00000085ae600000,0x00000085ae700000) (1024K)]
  0x000001c038019360 JavaThread "included builds"                   [_thread_blocked, id=12760, stack(0x00000085ae700000,0x00000085ae800000) (1024K)]
  0x000001c034744540 JavaThread "Execution worker"                  [_thread_blocked, id=1844, stack(0x00000085ae800000,0x00000085ae900000) (1024K)]
  0x000001c0347454e0 JavaThread "Execution worker Thread 2"         [_thread_blocked, id=12636, stack(0x00000085aeb00000,0x00000085aec00000) (1024K)]
  0x000001c0347435a0 JavaThread "Execution worker Thread 3"         [_thread_blocked, id=16012, stack(0x00000085aec00000,0x00000085aed00000) (1024K)]
  0x000001c034745cb0 JavaThread "Execution worker Thread 4"         [_thread_blocked, id=6436, stack(0x00000085aed00000,0x00000085aee00000) (1024K)]
  0x000001c034743d70 JavaThread "Execution worker Thread 5"         [_thread_blocked, id=13100, stack(0x00000085aee00000,0x00000085aef00000) (1024K)]
  0x000001c034742600 JavaThread "Execution worker Thread 6"         [_thread_blocked, id=19420, stack(0x00000085aef00000,0x00000085af000000) (1024K)]
  0x000001c034746480 JavaThread "Execution worker Thread 7"         [_thread_blocked, id=19688, stack(0x00000085af000000,0x00000085af100000) (1024K)]
  0x000001c034746c50 JavaThread "Cache worker for execution history cache (C:\Users\user\AndroidStudioProjects\SmartPantryManager\.gradle\9.6.0\executionHistory)"        [_thread_blocked, id=16516, stack(0x00000085af100000,0x00000085af200000) (1024K)]
=>0x000001c03474a300 JavaThread "idea-tooling-model-converter"        [_thread_in_vm, id=10692, stack(0x00000085af200000,0x00000085af300000) (1024K)]
Total: 61

Other Threads:
  0x000001c02e525710 VMThread "VM Thread"                           [id=3236, stack(0x00000085ab100000,0x00000085ab200000) (1024K)]
  0x000001c02e4e69d0 WatcherThread "VM Periodic Task Thread"        [id=17364, stack(0x00000085ab000000,0x00000085ab100000) (1024K)]
  0x000001c01497c220 WorkerThread "GC Thread#0"                     [id=9840, stack(0x00000085aab00000,0x00000085aac00000) (1024K)]
  0x000001c033b26060 WorkerThread "GC Thread#1"                     [id=15288, stack(0x00000085abc00000,0x00000085abd00000) (1024K)]
  0x000001c033b3b1f0 WorkerThread "GC Thread#2"                     [id=10784, stack(0x00000085abd00000,0x00000085abe00000) (1024K)]
  0x000001c033b3b620 WorkerThread "GC Thread#3"                     [id=12996, stack(0x00000085abe00000,0x00000085abf00000) (1024K)]
  0x000001c033b3ba50 WorkerThread "GC Thread#4"                     [id=10076, stack(0x00000085abf00000,0x00000085ac000000) (1024K)]
  0x000001c02ea1d950 WorkerThread "GC Thread#5"                     [id=7052, stack(0x00000085ac000000,0x00000085ac100000) (1024K)]
  0x000001c0359e0da0 WorkerThread "GC Thread#6"                     [id=14196, stack(0x00000085ac400000,0x00000085ac500000) (1024K)]
  0x000001c0359df3c0 WorkerThread "GC Thread#7"                     [id=5432, stack(0x00000085ac500000,0x00000085ac600000) (1024K)]
  0x000001c0149952f0 ConcurrentGCThread "G1 Main Marker"            [id=11512, stack(0x00000085aac00000,0x00000085aad00000) (1024K)]
  0x000001c014996d70 WorkerThread "G1 Conc#0"                       [id=4068, stack(0x00000085aad00000,0x00000085aae00000) (1024K)]
  0x000001c0359e3020 WorkerThread "G1 Conc#1"                       [id=19940, stack(0x00000085ac700000,0x00000085ac800000) (1024K)]
  0x000001c0149d6ca0 ConcurrentGCThread "G1 Refine#0"               [id=3552, stack(0x00000085aae00000,0x00000085aaf00000) (1024K)]
  0x000001c0149d78b0 ConcurrentGCThread "G1 Service"                [id=11820, stack(0x00000085aaf00000,0x00000085ab000000) (1024K)]
Total: 15

Threads with active compile tasks:
Total: 0

VM state: not at safepoint (normal execution)

VM Mutex/Monitor currently owned by a thread:  ([mutex/lock_event])
[0x00007fff709555a8] Metaspace_lock - owner thread: 0x000001c03474a300

Heap address: 0x0000000080000000, size: 2048 MB, Compressed Oops mode: 32-bit

CDS archive(s) not mapped
Compressed class space mapped at: 0x000000001e000000-0x000000005e000000, reserved size: 1073741824
UseCompressedClassPointers 1, UseCompactObjectHeaders 0
Narrow klass pointer bits 32, Max shift 3
Narrow klass base: 0x0000000000000000, Narrow klass shift: 0
Encoding Range: [0x0000000000000000 - 0x0000000100000000), (4294967296 bytes)
Klass Range:    [0x000000001e000000 - 0x000000005e000000), (1073741824 bytes)
Klass ID Range:  [503316480 - 1577058297) (1073741817)
No protection zone.

GC Precious Log:
 CardTable entry size: 512
 Card Set container configuration: InlinePtr #cards 5 size 8 Array Of Cards #cards 10 size 36 Howl #buckets 4 coarsen threshold 1843 Howl Bitmap #cards 512 size 80 coarsen threshold 460 Card regions per heap region 1 cards per card region 2048
 CPUs: 8 total, 8 available
 Memory: 3317M
 Large Page Support: Disabled
 NUMA Support: Disabled
 Compressed Oops: Enabled (32-bit)
 Heap Region Size: 1M
 Heap Min Capacity: 8M
 Heap Initial Capacity: 52M
 Heap Max Capacity: 2G
 Pre-touch: Disabled
 Parallel Workers: 8
 Concurrent Workers: 2
 Concurrent Refinement Workers: 8
 Periodic GC: Disabled

Heap:
 garbage-first heap   total reserved 2097152K, committed 263168K, used 222837K [0x0000000080000000, 0x0000000100000000)
  region size 1024K, 70 young (71680K), 9 survivors (9216K)

Heap Regions: E=young(eden), S=young(survivor), O=old, HS=humongous(starts), HC=humongous(continues), CS=collection set, F=free, TAMS=top-at-mark-start, PB=parsable bottom
|   0|0x0000000080000000, 0x0000000080100000, 0x0000000080100000|100%|HS|  |TAMS 0x0000000080000000| PB 0x0000000080000000| Complete |  0
|   1|0x0000000080100000, 0x0000000080200000, 0x0000000080200000|100%|HC|  |TAMS 0x0000000080100000| PB 0x0000000080100000| Complete |  0
|   2|0x0000000080200000, 0x0000000080300000, 0x0000000080300000|100%|HC|  |TAMS 0x0000000080200000| PB 0x0000000080200000| Complete |  0
|   3|0x0000000080300000, 0x0000000080400000, 0x0000000080400000|100%|HC|  |TAMS 0x0000000080300000| PB 0x0000000080300000| Complete |  0
|   4|0x0000000080400000, 0x0000000080500000, 0x0000000080500000|100%| O|  |TAMS 0x0000000080400000| PB 0x0000000080400000| Untracked |  0
|   5|0x0000000080500000, 0x0000000080600000, 0x0000000080600000|100%| O|  |TAMS 0x0000000080500000| PB 0x0000000080500000| Untracked |  0
|   6|0x0000000080600000, 0x0000000080700000, 0x0000000080700000|100%| O|  |TAMS 0x0000000080600000| PB 0x0000000080600000| Untracked |  0
|   7|0x0000000080700000, 0x0000000080800000, 0x0000000080800000|100%| O|  |TAMS 0x0000000080700000| PB 0x0000000080700000| Untracked |  0
|   8|0x0000000080800000, 0x0000000080900000, 0x0000000080900000|100%| O|  |TAMS 0x0000000080800000| PB 0x0000000080800000| Untracked |  0
|   9|0x0000000080900000, 0x0000000080a00000, 0x0000000080a00000|100%| O|  |TAMS 0x0000000080900000| PB 0x0000000080900000| Untracked |  0
|  10|0x0000000080a00000, 0x0000000080b00000, 0x0000000080b00000|100%| O|  |TAMS 0x0000000080a00000| PB 0x0000000080a00000| Untracked |  0
|  11|0x0000000080b00000, 0x0000000080c00000, 0x0000000080c00000|100%|HS|  |TAMS 0x0000000080b00000| PB 0x0000000080b00000| Complete |  0
|  12|0x0000000080c00000, 0x0000000080d00000, 0x0000000080d00000|100%| O|  |TAMS 0x0000000080c00000| PB 0x0000000080c00000| Untracked |  0
|  13|0x0000000080d00000, 0x0000000080e00000, 0x0000000080e00000|100%| O|  |TAMS 0x0000000080d00000| PB 0x0000000080d00000| Untracked |  0
|  14|0x0000000080e00000, 0x0000000080f00000, 0x0000000080f00000|100%| O|  |TAMS 0x0000000080e00000| PB 0x0000000080e00000| Untracked |  0
|  15|0x0000000080f00000, 0x0000000081000000, 0x0000000081000000|100%| O|  |TAMS 0x0000000080f00000| PB 0x0000000080f00000| Untracked |  0
|  16|0x0000000081000000, 0x0000000081100000, 0x0000000081100000|100%| O|  |TAMS 0x0000000081000000| PB 0x0000000081000000| Untracked |  0
|  17|0x0000000081100000, 0x0000000081200000, 0x0000000081200000|100%| O|  |TAMS 0x0000000081100000| PB 0x0000000081100000| Untracked |  0
|  18|0x0000000081200000, 0x0000000081300000, 0x0000000081300000|100%| O|  |TAMS 0x0000000081200000| PB 0x0000000081200000| Untracked |  0
|  19|0x0000000081300000, 0x0000000081400000, 0x0000000081400000|100%| O|  |TAMS 0x0000000081300000| PB 0x0000000081300000| Untracked |  0
|  20|0x0000000081400000, 0x0000000081500000, 0x0000000081500000|100%| O|  |TAMS 0x0000000081400000| PB 0x0000000081400000| Untracked |  0
|  21|0x0000000081500000, 0x0000000081600000, 0x0000000081600000|100%| O|  |TAMS 0x0000000081500000| PB 0x0000000081500000| Untracked |  0
|  22|0x0000000081600000, 0x0000000081700000, 0x0000000081700000|100%| O|  |TAMS 0x0000000081600000| PB 0x0000000081600000| Untracked |  0
|  23|0x0000000081700000, 0x0000000081800000, 0x0000000081800000|100%| O|  |TAMS 0x0000000081700000| PB 0x0000000081700000| Untracked |  0
|  24|0x0000000081800000, 0x0000000081900000, 0x0000000081900000|100%| O|  |TAMS 0x0000000081800000| PB 0x0000000081800000| Untracked |  0
|  25|0x0000000081900000, 0x0000000081a00000, 0x0000000081a00000|100%| O|  |TAMS 0x0000000081900000| PB 0x0000000081900000| Untracked |  0
|  26|0x0000000081a00000, 0x0000000081b00000, 0x0000000081b00000|100%|HS|  |TAMS 0x0000000081a00000| PB 0x0000000081a00000| Complete |  0
|  27|0x0000000081b00000, 0x0000000081c00000, 0x0000000081c00000|100%|HS|  |TAMS 0x0000000081b00000| PB 0x0000000081b00000| Complete |  0
|  28|0x0000000081c00000, 0x0000000081d00000, 0x0000000081d00000|100%| O|  |TAMS 0x0000000081c00000| PB 0x0000000081c00000| Untracked |  0
|  29|0x0000000081d00000, 0x0000000081e00000, 0x0000000081e00000|100%| O|  |TAMS 0x0000000081d00000| PB 0x0000000081d00000| Untracked |  0
|  30|0x0000000081e00000, 0x0000000081f00000, 0x0000000081f00000|100%|HS|  |TAMS 0x0000000081e00000| PB 0x0000000081e00000| Complete |  0
|  31|0x0000000081f00000, 0x0000000082000000, 0x0000000082000000|100%|HC|  |TAMS 0x0000000081f00000| PB 0x0000000081f00000| Complete |  0
|  32|0x0000000082000000, 0x0000000082100000, 0x0000000082100000|100%|HC|  |TAMS 0x0000000082000000| PB 0x0000000082000000| Complete |  0
|  33|0x0000000082100000, 0x0000000082200000, 0x0000000082200000|100%|HC|  |TAMS 0x0000000082100000| PB 0x0000000082100000| Complete |  0
|  34|0x0000000082200000, 0x0000000082300000, 0x0000000082300000|100%|HC|  |TAMS 0x0000000082200000| PB 0x0000000082200000| Complete |  0
|  35|0x0000000082300000, 0x0000000082400000, 0x0000000082400000|100%|HC|  |TAMS 0x0000000082300000| PB 0x0000000082300000| Complete |  0
|  36|0x0000000082400000, 0x0000000082500000, 0x0000000082500000|100%|HS|  |TAMS 0x0000000082400000| PB 0x0000000082400000| Complete |  0
|  37|0x0000000082500000, 0x0000000082600000, 0x0000000082600000|100%|HS|  |TAMS 0x0000000082500000| PB 0x0000000082500000| Complete |  0
|  38|0x0000000082600000, 0x0000000082700000, 0x0000000082700000|100%| O|  |TAMS 0x0000000082600000| PB 0x0000000082600000| Untracked |  0
|  39|0x0000000082700000, 0x0000000082800000, 0x0000000082800000|100%| O|  |TAMS 0x0000000082700000| PB 0x0000000082700000| Untracked |  0
|  40|0x0000000082800000, 0x0000000082900000, 0x0000000082900000|100%| O|  |TAMS 0x0000000082800000| PB 0x0000000082800000| Untracked |  0
|  41|0x0000000082900000, 0x0000000082a00000, 0x0000000082a00000|100%| O|  |TAMS 0x0000000082900000| PB 0x0000000082900000| Untracked |  0
|  42|0x0000000082a00000, 0x0000000082b00000, 0x0000000082b00000|100%| O|  |TAMS 0x0000000082a00000| PB 0x0000000082a00000| Untracked |  0
|  43|0x0000000082b00000, 0x0000000082c00000, 0x0000000082c00000|100%| O|  |TAMS 0x0000000082b00000| PB 0x0000000082b00000| Untracked |  0
|  44|0x0000000082c00000, 0x0000000082d00000, 0x0000000082d00000|100%| O|  |TAMS 0x0000000082c00000| PB 0x0000000082c00000| Untracked |  0
|  45|0x0000000082d00000, 0x0000000082e00000, 0x0000000082e00000|100%| O|  |TAMS 0x0000000082d00000| PB 0x0000000082d00000| Untracked |  0
|  46|0x0000000082e00000, 0x0000000082f00000, 0x0000000082f00000|100%| O|  |TAMS 0x0000000082e00000| PB 0x0000000082e00000| Untracked |  0
|  47|0x0000000082f00000, 0x0000000083000000, 0x0000000083000000|100%| O|  |TAMS 0x0000000082f00000| PB 0x0000000082f00000| Untracked |  0
|  48|0x0000000083000000, 0x0000000083100000, 0x0000000083100000|100%| O|  |TAMS 0x0000000083000000| PB 0x0000000083000000| Untracked |  0
|  49|0x0000000083100000, 0x0000000083200000, 0x0000000083200000|100%| O|  |TAMS 0x0000000083100000| PB 0x0000000083100000| Untracked |  0
|  50|0x0000000083200000, 0x0000000083300000, 0x0000000083300000|100%| O|  |TAMS 0x0000000083200000| PB 0x0000000083200000| Untracked |  0
|  51|0x0000000083300000, 0x0000000083400000, 0x0000000083400000|100%| O|  |TAMS 0x0000000083300000| PB 0x0000000083300000| Untracked |  0
|  52|0x0000000083400000, 0x0000000083500000, 0x0000000083500000|100%|HS|  |TAMS 0x0000000083400000| PB 0x0000000083400000| Complete |  0
|  53|0x0000000083500000, 0x0000000083600000, 0x0000000083600000|100%|HC|  |TAMS 0x0000000083500000| PB 0x0000000083500000| Complete |  0
|  54|0x0000000083600000, 0x0000000083700000, 0x0000000083700000|100%|HC|  |TAMS 0x0000000083600000| PB 0x0000000083600000| Complete |  0
|  55|0x0000000083700000, 0x0000000083800000, 0x0000000083800000|100%|HC|  |TAMS 0x0000000083700000| PB 0x0000000083700000| Complete |  0
|  56|0x0000000083800000, 0x0000000083900000, 0x0000000083900000|100%|HC|  |TAMS 0x0000000083800000| PB 0x0000000083800000| Complete |  0
|  57|0x0000000083900000, 0x0000000083a00000, 0x0000000083a00000|100%|HC|  |TAMS 0x0000000083900000| PB 0x0000000083900000| Complete |  0
|  58|0x0000000083a00000, 0x0000000083b00000, 0x0000000083b00000|100%| O|  |TAMS 0x0000000083a00000| PB 0x0000000083a00000| Untracked |  0
|  59|0x0000000083b00000, 0x0000000083c00000, 0x0000000083c00000|100%| O|  |TAMS 0x0000000083b00000| PB 0x0000000083b00000| Untracked |  0
|  60|0x0000000083c00000, 0x0000000083d00000, 0x0000000083d00000|100%|HS|  |TAMS 0x0000000083c00000| PB 0x0000000083c00000| Complete |  0
|  61|0x0000000083d00000, 0x0000000083e00000, 0x0000000083e00000|100%| O|  |TAMS 0x0000000083d00000| PB 0x0000000083d00000| Untracked |  0
|  62|0x0000000083e00000, 0x0000000083f00000, 0x0000000083f00000|100%| O|  |TAMS 0x0000000083e00000| PB 0x0000000083e00000| Untracked |  0
|  63|0x0000000083f00000, 0x0000000084000000, 0x0000000084000000|100%| O|  |TAMS 0x0000000083f00000| PB 0x0000000083f00000| Untracked |  0
|  64|0x0000000084000000, 0x0000000084100000, 0x0000000084100000|100%| O|  |TAMS 0x0000000084000000| PB 0x0000000084000000| Untracked |  0
|  65|0x0000000084100000, 0x0000000084200000, 0x0000000084200000|100%| O|  |TAMS 0x0000000084100000| PB 0x0000000084100000| Untracked |  0
|  66|0x0000000084200000, 0x0000000084300000, 0x0000000084300000|100%| O|  |TAMS 0x0000000084200000| PB 0x0000000084200000| Untracked |  0
|  67|0x0000000084300000, 0x0000000084400000, 0x0000000084400000|100%| O|  |TAMS 0x0000000084300000| PB 0x0000000084300000| Untracked |  0
|  68|0x0000000084400000, 0x0000000084500000, 0x0000000084500000|100%| O|  |TAMS 0x0000000084400000| PB 0x0000000084400000| Untracked |  0
|  69|0x0000000084500000, 0x0000000084600000, 0x0000000084600000|100%| O|  |TAMS 0x0000000084500000| PB 0x0000000084500000| Untracked |  0
|  70|0x0000000084600000, 0x0000000084700000, 0x0000000084700000|100%|HS|  |TAMS 0x0000000084600000| PB 0x0000000084600000| Complete |  0
|  71|0x0000000084700000, 0x0000000084800000, 0x0000000084800000|100%|HS|  |TAMS 0x0000000084700000| PB 0x0000000084700000| Complete |  0
|  72|0x0000000084800000, 0x0000000084900000, 0x0000000084900000|100%|HS|  |TAMS 0x0000000084800000| PB 0x0000000084800000| Complete |  0
|  73|0x0000000084900000, 0x0000000084a00000, 0x0000000084a00000|100%|HC|  |TAMS 0x0000000084900000| PB 0x0000000084900000| Complete |  0
|  74|0x0000000084a00000, 0x0000000084b00000, 0x0000000084b00000|100%|HS|  |TAMS 0x0000000084a00000| PB 0x0000000084a00000| Complete |  0
|  75|0x0000000084b00000, 0x0000000084c00000, 0x0000000084c00000|100%|HS|  |TAMS 0x0000000084b00000| PB 0x0000000084b00000| Complete |  0
|  76|0x0000000084c00000, 0x0000000084d00000, 0x0000000084d00000|100%|HS|  |TAMS 0x0000000084c00000| PB 0x0000000084c00000| Complete |  0
|  77|0x0000000084d00000, 0x0000000084e00000, 0x0000000084e00000|100%| O|  |TAMS 0x0000000084d00000| PB 0x0000000084d00000| Untracked |  0
|  78|0x0000000084e00000, 0x0000000084f00000, 0x0000000084f00000|100%|HS|  |TAMS 0x0000000084e00000| PB 0x0000000084e00000| Complete |  0
|  79|0x0000000084f00000, 0x0000000085000000, 0x0000000085000000|100%|HS|  |TAMS 0x0000000084f00000| PB 0x0000000084f00000| Complete |  0
|  80|0x0000000085000000, 0x0000000085100000, 0x0000000085100000|100%| O|  |TAMS 0x0000000085000000| PB 0x0000000085000000| Untracked |  0
|  81|0x0000000085100000, 0x0000000085200000, 0x0000000085200000|100%|HS|  |TAMS 0x0000000085100000| PB 0x0000000085100000| Complete |  0
|  82|0x0000000085200000, 0x0000000085300000, 0x0000000085300000|100%|HC|  |TAMS 0x0000000085200000| PB 0x0000000085200000| Complete |  0
|  83|0x0000000085300000, 0x0000000085400000, 0x0000000085400000|100%| O|  |TAMS 0x0000000085300000| PB 0x0000000085300000| Untracked |  0
|  84|0x0000000085400000, 0x0000000085500000, 0x0000000085500000|100%| O|  |TAMS 0x0000000085400000| PB 0x0000000085400000| Untracked |  0
|  85|0x0000000085500000, 0x0000000085600000, 0x0000000085600000|100%| O|  |TAMS 0x0000000085500000| PB 0x0000000085500000| Untracked |  0
|  86|0x0000000085600000, 0x0000000085700000, 0x0000000085700000|100%| O|  |TAMS 0x0000000085600000| PB 0x0000000085600000| Untracked |  0
|  87|0x0000000085700000, 0x0000000085800000, 0x0000000085800000|100%| O|  |TAMS 0x0000000085700000| PB 0x0000000085700000| Untracked |  0
|  88|0x0000000085800000, 0x0000000085900000, 0x0000000085900000|100%| O|  |TAMS 0x0000000085800000| PB 0x0000000085800000| Untracked |  0
|  89|0x0000000085900000, 0x0000000085a00000, 0x0000000085a00000|100%|HS|  |TAMS 0x0000000085900000| PB 0x0000000085900000| Complete |  0
|  90|0x0000000085a00000, 0x0000000085b00000, 0x0000000085b00000|100%| O|  |TAMS 0x0000000085a00000| PB 0x0000000085a00000| Untracked |  0
|  91|0x0000000085b00000, 0x0000000085c00000, 0x0000000085c00000|100%| O|  |TAMS 0x0000000085b00000| PB 0x0000000085b00000| Untracked |  0
|  92|0x0000000085c00000, 0x0000000085d00000, 0x0000000085d00000|100%| O|  |TAMS 0x0000000085c00000| PB 0x0000000085c00000| Untracked |  0
|  93|0x0000000085d00000, 0x0000000085e00000, 0x0000000085e00000|100%| O|  |TAMS 0x0000000085d00000| PB 0x0000000085d00000| Untracked |  0
|  94|0x0000000085e00000, 0x0000000085f00000, 0x0000000085f00000|100%| O|  |TAMS 0x0000000085e00000| PB 0x0000000085e00000| Untracked |  0
|  95|0x0000000085f00000, 0x0000000086000000, 0x0000000086000000|100%| O|  |TAMS 0x0000000085f00000| PB 0x0000000085f00000| Untracked |  0
|  96|0x0000000086000000, 0x0000000086100000, 0x0000000086100000|100%| O|  |TAMS 0x0000000086000000| PB 0x0000000086000000| Untracked |  0
|  97|0x0000000086100000, 0x0000000086200000, 0x0000000086200000|100%| O|  |TAMS 0x0000000086100000| PB 0x0000000086100000| Untracked |  0
|  98|0x0000000086200000, 0x0000000086300000, 0x0000000086300000|100%| O|  |TAMS 0x0000000086200000| PB 0x0000000086200000| Untracked |  0
|  99|0x0000000086300000, 0x0000000086400000, 0x0000000086400000|100%| O|  |TAMS 0x0000000086300000| PB 0x0000000086300000| Untracked |  0
| 100|0x0000000086400000, 0x0000000086500000, 0x0000000086500000|100%| O|  |TAMS 0x0000000086400000| PB 0x0000000086400000| Untracked |  0
| 101|0x0000000086500000, 0x0000000086600000, 0x0000000086600000|100%| O|  |TAMS 0x0000000086500000| PB 0x0000000086500000| Untracked |  0
| 102|0x0000000086600000, 0x0000000086700000, 0x0000000086700000|100%| O|  |TAMS 0x0000000086600000| PB 0x0000000086600000| Untracked |  0
| 103|0x0000000086700000, 0x0000000086800000, 0x0000000086800000|100%| O|  |TAMS 0x0000000086700000| PB 0x0000000086700000| Untracked |  0
| 104|0x0000000086800000, 0x0000000086900000, 0x0000000086900000|100%| O|  |TAMS 0x0000000086800000| PB 0x0000000086800000| Untracked |  0
| 105|0x0000000086900000, 0x0000000086900000, 0x0000000086a00000|  0%| F|  |TAMS 0x0000000086900000| PB 0x0000000086900000| Untracked |  0
| 106|0x0000000086a00000, 0x0000000086b00000, 0x0000000086b00000|100%| O|  |TAMS 0x0000000086a00000| PB 0x0000000086a00000| Untracked |  0
| 107|0x0000000086b00000, 0x0000000086c00000, 0x0000000086c00000|100%| O|  |TAMS 0x0000000086b00000| PB 0x0000000086b00000| Untracked |  0
| 108|0x0000000086c00000, 0x0000000086d00000, 0x0000000086d00000|100%| O|  |TAMS 0x0000000086c00000| PB 0x0000000086c00000| Untracked |  0
| 109|0x0000000086d00000, 0x0000000086e00000, 0x0000000086e00000|100%| O|  |TAMS 0x0000000086d00000| PB 0x0000000086d00000| Untracked |  0
| 110|0x0000000086e00000, 0x0000000086f00000, 0x0000000086f00000|100%| O|  |TAMS 0x0000000086e00000| PB 0x0000000086e00000| Untracked |  0
| 111|0x0000000086f00000, 0x0000000087000000, 0x0000000087000000|100%| O|  |TAMS 0x0000000086f00000| PB 0x0000000086f00000| Untracked |  0
| 112|0x0000000087000000, 0x0000000087100000, 0x0000000087100000|100%| O|  |TAMS 0x0000000087000000| PB 0x0000000087000000| Untracked |  0
| 113|0x0000000087100000, 0x0000000087200000, 0x0000000087200000|100%| O|  |TAMS 0x0000000087100000| PB 0x0000000087100000| Untracked |  0
| 114|0x0000000087200000, 0x0000000087200000, 0x0000000087300000|  0%| F|  |TAMS 0x0000000087200000| PB 0x0000000087200000| Untracked |  0
| 115|0x0000000087300000, 0x0000000087400000, 0x0000000087400000|100%| O|  |TAMS 0x0000000087300000| PB 0x0000000087300000| Untracked |  0
| 116|0x0000000087400000, 0x0000000087500000, 0x0000000087500000|100%| O|  |TAMS 0x0000000087400000| PB 0x0000000087400000| Untracked |  0
| 117|0x0000000087500000, 0x0000000087600000, 0x0000000087600000|100%| O|  |TAMS 0x0000000087500000| PB 0x0000000087500000| Untracked |  0
| 118|0x0000000087600000, 0x0000000087700000, 0x0000000087700000|100%| O|  |TAMS 0x0000000087600000| PB 0x0000000087600000| Untracked |  0
| 119|0x0000000087700000, 0x0000000087800000, 0x0000000087800000|100%| O|  |TAMS 0x0000000087700000| PB 0x0000000087700000| Untracked |  0
| 120|0x0000000087800000, 0x0000000087900000, 0x0000000087900000|100%| O|  |TAMS 0x0000000087800000| PB 0x0000000087800000| Untracked |  0
| 121|0x0000000087900000, 0x0000000087a00000, 0x0000000087a00000|100%| O|  |TAMS 0x0000000087900000| PB 0x0000000087900000| Untracked |  0
| 122|0x0000000087a00000, 0x0000000087b00000, 0x0000000087b00000|100%| O|  |TAMS 0x0000000087a00000| PB 0x0000000087a00000| Untracked |  0
| 123|0x0000000087b00000, 0x0000000087c00000, 0x0000000087c00000|100%| O|  |TAMS 0x0000000087b00000| PB 0x0000000087b00000| Untracked |  0
| 124|0x0000000087c00000, 0x0000000087d00000, 0x0000000087d00000|100%| O|  |TAMS 0x0000000087c00000| PB 0x0000000087c00000| Untracked |  0
| 125|0x0000000087d00000, 0x0000000087e00000, 0x0000000087e00000|100%| O|  |TAMS 0x0000000087d00000| PB 0x0000000087d00000| Untracked |  0
| 126|0x0000000087e00000, 0x0000000087f00000, 0x0000000087f00000|100%| O|  |TAMS 0x0000000087e00000| PB 0x0000000087e00000| Untracked |  0
| 127|0x0000000087f00000, 0x0000000088000000, 0x0000000088000000|100%| O|  |TAMS 0x0000000087f00000| PB 0x0000000087f00000| Untracked |  0
| 128|0x0000000088000000, 0x0000000088100000, 0x0000000088100000|100%| O|Cm|TAMS 0x0000000088000000| PB 0x0000000088000000| Complete |  0
| 129|0x0000000088100000, 0x0000000088200000, 0x0000000088200000|100%| O|  |TAMS 0x0000000088100000| PB 0x0000000088100000| Untracked |  0
| 130|0x0000000088200000, 0x0000000088300000, 0x0000000088300000|100%| O|  |TAMS 0x0000000088200000| PB 0x0000000088200000| Untracked |  0
| 131|0x0000000088300000, 0x0000000088400000, 0x0000000088400000|100%| O|  |TAMS 0x0000000088300000| PB 0x0000000088300000| Untracked |  0
| 132|0x0000000088400000, 0x0000000088500000, 0x0000000088500000|100%| O|  |TAMS 0x0000000088400000| PB 0x0000000088400000| Untracked |  0
| 133|0x0000000088500000, 0x0000000088600000, 0x0000000088600000|100%| O|  |TAMS 0x0000000088500000| PB 0x0000000088500000| Untracked |  0
| 134|0x0000000088600000, 0x0000000088700000, 0x0000000088700000|100%| O|  |TAMS 0x0000000088600000| PB 0x0000000088600000| Untracked |  0
| 135|0x0000000088700000, 0x0000000088800000, 0x0000000088800000|100%| O|  |TAMS 0x0000000088700000| PB 0x0000000088700000| Untracked |  0
| 136|0x0000000088800000, 0x0000000088900000, 0x0000000088900000|100%| O|  |TAMS 0x0000000088800000| PB 0x0000000088800000| Untracked |  0
| 137|0x0000000088900000, 0x0000000088a00000, 0x0000000088a00000|100%| O|Cm|TAMS 0x0000000088900000| PB 0x0000000088900000| Complete |  0
| 138|0x0000000088a00000, 0x0000000088b00000, 0x0000000088b00000|100%| O|Cm|TAMS 0x0000000088a00000| PB 0x0000000088a00000| Complete |  0
| 139|0x0000000088b00000, 0x0000000088c00000, 0x0000000088c00000|100%| O|  |TAMS 0x0000000088b00000| PB 0x0000000088b00000| Untracked |  0
| 140|0x0000000088c00000, 0x0000000088d00000, 0x0000000088d00000|100%| O|  |TAMS 0x0000000088c00000| PB 0x0000000088c00000| Untracked |  0
| 141|0x0000000088d00000, 0x0000000088e00000, 0x0000000088e00000|100%| O|  |TAMS 0x0000000088d00000| PB 0x0000000088d00000| Untracked |  0
| 142|0x0000000088e00000, 0x0000000088f00000, 0x0000000088f00000|100%| O|  |TAMS 0x0000000088e00000| PB 0x0000000088e00000| Untracked |  0
| 143|0x0000000088f00000, 0x0000000088f9d7f8, 0x0000000089000000| 61%| O|  |TAMS 0x0000000088f00000| PB 0x0000000088f00000| Untracked |  0
| 144|0x0000000089000000, 0x0000000089000000, 0x0000000089100000|  0%| F|  |TAMS 0x0000000089000000| PB 0x0000000089000000| Untracked |  0
| 145|0x0000000089100000, 0x0000000089100000, 0x0000000089200000|  0%| F|  |TAMS 0x0000000089100000| PB 0x0000000089100000| Untracked |  0
| 146|0x0000000089200000, 0x0000000089200000, 0x0000000089300000|  0%| F|  |TAMS 0x0000000089200000| PB 0x0000000089200000| Untracked |  0
| 147|0x0000000089300000, 0x0000000089300000, 0x0000000089400000|  0%| F|  |TAMS 0x0000000089300000| PB 0x0000000089300000| Untracked |  0
| 148|0x0000000089400000, 0x0000000089400000, 0x0000000089500000|  0%| F|  |TAMS 0x0000000089400000| PB 0x0000000089400000| Untracked |  0
| 149|0x0000000089500000, 0x0000000089500000, 0x0000000089600000|  0%| F|  |TAMS 0x0000000089500000| PB 0x0000000089500000| Untracked |  0
| 150|0x0000000089600000, 0x0000000089600000, 0x0000000089700000|  0%| F|  |TAMS 0x0000000089600000| PB 0x0000000089600000| Untracked |  0
| 151|0x0000000089700000, 0x0000000089700000, 0x0000000089800000|  0%| F|  |TAMS 0x0000000089700000| PB 0x0000000089700000| Untracked |  0
| 152|0x0000000089800000, 0x0000000089800000, 0x0000000089900000|  0%| F|  |TAMS 0x0000000089800000| PB 0x0000000089800000| Untracked |  0
| 153|0x0000000089900000, 0x0000000089900000, 0x0000000089a00000|  0%| F|  |TAMS 0x0000000089900000| PB 0x0000000089900000| Untracked |  0
| 154|0x0000000089a00000, 0x0000000089a00000, 0x0000000089b00000|  0%| F|  |TAMS 0x0000000089a00000| PB 0x0000000089a00000| Untracked |  0
| 155|0x0000000089b00000, 0x0000000089b00000, 0x0000000089c00000|  0%| F|  |TAMS 0x0000000089b00000| PB 0x0000000089b00000| Untracked |  0
| 156|0x0000000089c00000, 0x0000000089c00000, 0x0000000089d00000|  0%| F|  |TAMS 0x0000000089c00000| PB 0x0000000089c00000| Untracked |  0
| 157|0x0000000089d00000, 0x0000000089d00000, 0x0000000089e00000|  0%| F|  |TAMS 0x0000000089d00000| PB 0x0000000089d00000| Untracked |  0
| 158|0x0000000089e00000, 0x0000000089e00000, 0x0000000089f00000|  0%| F|  |TAMS 0x0000000089e00000| PB 0x0000000089e00000| Untracked |  0
| 159|0x0000000089f00000, 0x0000000089f00000, 0x000000008a000000|  0%| F|  |TAMS 0x0000000089f00000| PB 0x0000000089f00000| Untracked |  0
| 160|0x000000008a000000, 0x000000008a000000, 0x000000008a100000|  0%| F|  |TAMS 0x000000008a000000| PB 0x000000008a000000| Untracked |  0
| 161|0x000000008a100000, 0x000000008a100000, 0x000000008a200000|  0%| F|  |TAMS 0x000000008a100000| PB 0x000000008a100000| Untracked |  0
| 162|0x000000008a200000, 0x000000008a200000, 0x000000008a300000|  0%| F|  |TAMS 0x000000008a200000| PB 0x000000008a200000| Untracked |  0
| 163|0x000000008a300000, 0x000000008a300000, 0x000000008a400000|  0%| F|  |TAMS 0x000000008a300000| PB 0x000000008a300000| Untracked |  0
| 164|0x000000008a400000, 0x000000008a400000, 0x000000008a500000|  0%| F|  |TAMS 0x000000008a400000| PB 0x000000008a400000| Untracked |  0
| 165|0x000000008a500000, 0x000000008a500000, 0x000000008a600000|  0%| F|  |TAMS 0x000000008a500000| PB 0x000000008a500000| Untracked |  0
| 166|0x000000008a600000, 0x000000008a600000, 0x000000008a700000|  0%| F|  |TAMS 0x000000008a600000| PB 0x000000008a600000| Untracked |  0
| 167|0x000000008a700000, 0x000000008a700000, 0x000000008a800000|  0%| F|  |TAMS 0x000000008a700000| PB 0x000000008a700000| Untracked |  0
| 168|0x000000008a800000, 0x000000008a800000, 0x000000008a900000|  0%| F|  |TAMS 0x000000008a800000| PB 0x000000008a800000| Untracked |  0
| 169|0x000000008a900000, 0x000000008a900000, 0x000000008aa00000|  0%| F|  |TAMS 0x000000008a900000| PB 0x000000008a900000| Untracked |  0
| 170|0x000000008aa00000, 0x000000008aa00000, 0x000000008ab00000|  0%| F|  |TAMS 0x000000008aa00000| PB 0x000000008aa00000| Untracked |  0
| 171|0x000000008ab00000, 0x000000008ab00000, 0x000000008ac00000|  0%| F|  |TAMS 0x000000008ab00000| PB 0x000000008ab00000| Untracked |  0
| 172|0x000000008ac00000, 0x000000008ac00000, 0x000000008ad00000|  0%| F|  |TAMS 0x000000008ac00000| PB 0x000000008ac00000| Untracked |  0
| 173|0x000000008ad00000, 0x000000008ae00000, 0x000000008ae00000|100%| S|CS|TAMS 0x000000008ad00000| PB 0x000000008ad00000| Complete |  0
| 174|0x000000008ae00000, 0x000000008af00000, 0x000000008af00000|100%| S|CS|TAMS 0x000000008ae00000| PB 0x000000008ae00000| Complete |  0
| 175|0x000000008af00000, 0x000000008b000000, 0x000000008b000000|100%| S|CS|TAMS 0x000000008af00000| PB 0x000000008af00000| Complete |  0
| 176|0x000000008b000000, 0x000000008b100000, 0x000000008b100000|100%| S|CS|TAMS 0x000000008b000000| PB 0x000000008b000000| Complete |  0
| 177|0x000000008b100000, 0x000000008b200000, 0x000000008b200000|100%| S|CS|TAMS 0x000000008b100000| PB 0x000000008b100000| Complete |  0
| 178|0x000000008b200000, 0x000000008b300000, 0x000000008b300000|100%| S|CS|TAMS 0x000000008b200000| PB 0x000000008b200000| Complete |  0
| 179|0x000000008b300000, 0x000000008b400000, 0x000000008b400000|100%| S|CS|TAMS 0x000000008b300000| PB 0x000000008b300000| Complete |  0
| 180|0x000000008b400000, 0x000000008b500000, 0x000000008b500000|100%| S|CS|TAMS 0x000000008b400000| PB 0x000000008b400000| Complete |  0
| 181|0x000000008b500000, 0x000000008b600000, 0x000000008b600000|100%| S|CS|TAMS 0x000000008b500000| PB 0x000000008b500000| Complete |  0
| 182|0x000000008b600000, 0x000000008b600000, 0x000000008b700000|  0%| F|  |TAMS 0x000000008b600000| PB 0x000000008b600000| Untracked |  0
| 183|0x000000008b700000, 0x000000008b700000, 0x000000008b800000|  0%| F|  |TAMS 0x000000008b700000| PB 0x000000008b700000| Untracked |  0
| 184|0x000000008b800000, 0x000000008b800000, 0x000000008b900000|  0%| F|  |TAMS 0x000000008b800000| PB 0x000000008b800000| Untracked |  0
| 185|0x000000008b900000, 0x000000008b900000, 0x000000008ba00000|  0%| F|  |TAMS 0x000000008b900000| PB 0x000000008b900000| Untracked |  0
| 186|0x000000008ba00000, 0x000000008ba00000, 0x000000008bb00000|  0%| F|  |TAMS 0x000000008ba00000| PB 0x000000008ba00000| Untracked |  0
| 187|0x000000008bb00000, 0x000000008bb00000, 0x000000008bc00000|  0%| F|  |TAMS 0x000000008bb00000| PB 0x000000008bb00000| Untracked |  0
| 188|0x000000008bc00000, 0x000000008bca5cf8, 0x000000008bd00000| 64%| E|  |TAMS 0x000000008bc00000| PB 0x000000008bc00000| Complete |  0
| 189|0x000000008bd00000, 0x000000008be00000, 0x000000008be00000|100%| E|  |TAMS 0x000000008bd00000| PB 0x000000008bd00000| Complete |  0
| 190|0x000000008be00000, 0x000000008bf00000, 0x000000008bf00000|100%| E|CS|TAMS 0x000000008be00000| PB 0x000000008be00000| Complete |  0
| 191|0x000000008bf00000, 0x000000008c000000, 0x000000008c000000|100%| E|CS|TAMS 0x000000008bf00000| PB 0x000000008bf00000| Complete |  0
| 192|0x000000008c000000, 0x000000008c100000, 0x000000008c100000|100%| E|CS|TAMS 0x000000008c000000| PB 0x000000008c000000| Complete |  0
| 193|0x000000008c100000, 0x000000008c200000, 0x000000008c200000|100%| E|CS|TAMS 0x000000008c100000| PB 0x000000008c100000| Complete |  0
| 194|0x000000008c200000, 0x000000008c300000, 0x000000008c300000|100%| E|CS|TAMS 0x000000008c200000| PB 0x000000008c200000| Complete |  0
| 195|0x000000008c300000, 0x000000008c400000, 0x000000008c400000|100%| E|CS|TAMS 0x000000008c300000| PB 0x000000008c300000| Complete |  0
| 196|0x000000008c400000, 0x000000008c500000, 0x000000008c500000|100%| E|CS|TAMS 0x000000008c400000| PB 0x000000008c400000| Complete |  0
| 197|0x000000008c500000, 0x000000008c600000, 0x000000008c600000|100%| E|CS|TAMS 0x000000008c500000| PB 0x000000008c500000| Complete |  0
| 198|0x000000008c600000, 0x000000008c700000, 0x000000008c700000|100%| E|CS|TAMS 0x000000008c600000| PB 0x000000008c600000| Complete |  0
| 199|0x000000008c700000, 0x000000008c800000, 0x000000008c800000|100%| E|CS|TAMS 0x000000008c700000| PB 0x000000008c700000| Complete |  0
| 200|0x000000008c800000, 0x000000008c900000, 0x000000008c900000|100%| E|CS|TAMS 0x000000008c800000| PB 0x000000008c800000| Complete |  0
| 201|0x000000008c900000, 0x000000008ca00000, 0x000000008ca00000|100%| E|CS|TAMS 0x000000008c900000| PB 0x000000008c900000| Complete |  0
| 202|0x000000008ca00000, 0x000000008cb00000, 0x000000008cb00000|100%| E|CS|TAMS 0x000000008ca00000| PB 0x000000008ca00000| Complete |  0
| 203|0x000000008cb00000, 0x000000008cc00000, 0x000000008cc00000|100%| E|CS|TAMS 0x000000008cb00000| PB 0x000000008cb00000| Complete |  0
| 204|0x000000008cc00000, 0x000000008cd00000, 0x000000008cd00000|100%| E|CS|TAMS 0x000000008cc00000| PB 0x000000008cc00000| Complete |  0
| 205|0x000000008cd00000, 0x000000008ce00000, 0x000000008ce00000|100%| E|CS|TAMS 0x000000008cd00000| PB 0x000000008cd00000| Complete |  0
| 206|0x000000008ce00000, 0x000000008cf00000, 0x000000008cf00000|100%| E|CS|TAMS 0x000000008ce00000| PB 0x000000008ce00000| Complete |  0
| 207|0x000000008cf00000, 0x000000008d000000, 0x000000008d000000|100%| E|CS|TAMS 0x000000008cf00000| PB 0x000000008cf00000| Complete |  0
| 208|0x000000008d000000, 0x000000008d100000, 0x000000008d100000|100%| E|CS|TAMS 0x000000008d000000| PB 0x000000008d000000| Complete |  0
| 209|0x000000008d100000, 0x000000008d200000, 0x000000008d200000|100%| E|CS|TAMS 0x000000008d100000| PB 0x000000008d100000| Complete |  0
| 210|0x000000008d200000, 0x000000008d300000, 0x000000008d300000|100%| E|CS|TAMS 0x000000008d200000| PB 0x000000008d200000| Complete |  0
| 211|0x000000008d300000, 0x000000008d400000, 0x000000008d400000|100%| E|CS|TAMS 0x000000008d300000| PB 0x000000008d300000| Complete |  0
| 212|0x000000008d400000, 0x000000008d500000, 0x000000008d500000|100%| E|CS|TAMS 0x000000008d400000| PB 0x000000008d400000| Complete |  0
| 213|0x000000008d500000, 0x000000008d600000, 0x000000008d600000|100%| E|CS|TAMS 0x000000008d500000| PB 0x000000008d500000| Complete |  0
| 214|0x000000008d600000, 0x000000008d700000, 0x000000008d700000|100%| E|CS|TAMS 0x000000008d600000| PB 0x000000008d600000| Complete |  0
| 215|0x000000008d700000, 0x000000008d800000, 0x000000008d800000|100%| E|CS|TAMS 0x000000008d700000| PB 0x000000008d700000| Complete |  0
| 216|0x000000008d800000, 0x000000008d900000, 0x000000008d900000|100%| E|CS|TAMS 0x000000008d800000| PB 0x000000008d800000| Complete |  0
| 217|0x000000008d900000, 0x000000008da00000, 0x000000008da00000|100%| E|CS|TAMS 0x000000008d900000| PB 0x000000008d900000| Complete |  0
| 218|0x000000008da00000, 0x000000008db00000, 0x000000008db00000|100%| E|CS|TAMS 0x000000008da00000| PB 0x000000008da00000| Complete |  0
| 219|0x000000008db00000, 0x000000008dc00000, 0x000000008dc00000|100%| E|CS|TAMS 0x000000008db00000| PB 0x000000008db00000| Complete |  0
| 220|0x000000008dc00000, 0x000000008dd00000, 0x000000008dd00000|100%| E|CS|TAMS 0x000000008dc00000| PB 0x000000008dc00000| Complete |  0
| 221|0x000000008dd00000, 0x000000008de00000, 0x000000008de00000|100%| E|CS|TAMS 0x000000008dd00000| PB 0x000000008dd00000| Complete |  0
| 222|0x000000008de00000, 0x000000008df00000, 0x000000008df00000|100%| E|CS|TAMS 0x000000008de00000| PB 0x000000008de00000| Complete |  0
| 223|0x000000008df00000, 0x000000008e000000, 0x000000008e000000|100%| E|CS|TAMS 0x000000008df00000| PB 0x000000008df00000| Complete |  0
| 224|0x000000008e000000, 0x000000008e100000, 0x000000008e100000|100%| E|CS|TAMS 0x000000008e000000| PB 0x000000008e000000| Complete |  0
| 225|0x000000008e100000, 0x000000008e200000, 0x000000008e200000|100%| E|CS|TAMS 0x000000008e100000| PB 0x000000008e100000| Complete |  0
| 226|0x000000008e200000, 0x000000008e300000, 0x000000008e300000|100%| E|CS|TAMS 0x000000008e200000| PB 0x000000008e200000| Complete |  0
| 227|0x000000008e300000, 0x000000008e400000, 0x000000008e400000|100%| E|CS|TAMS 0x000000008e300000| PB 0x000000008e300000| Complete |  0
| 228|0x000000008e400000, 0x000000008e500000, 0x000000008e500000|100%| E|CS|TAMS 0x000000008e400000| PB 0x000000008e400000| Complete |  0
| 229|0x000000008e500000, 0x000000008e600000, 0x000000008e600000|100%| E|CS|TAMS 0x000000008e500000| PB 0x000000008e500000| Complete |  0
| 230|0x000000008e600000, 0x000000008e700000, 0x000000008e700000|100%| E|CS|TAMS 0x000000008e600000| PB 0x000000008e600000| Complete |  0
| 231|0x000000008e700000, 0x000000008e800000, 0x000000008e800000|100%| E|CS|TAMS 0x000000008e700000| PB 0x000000008e700000| Complete |  0
| 232|0x000000008e800000, 0x000000008e900000, 0x000000008e900000|100%| E|CS|TAMS 0x000000008e800000| PB 0x000000008e800000| Complete |  0
| 233|0x000000008e900000, 0x000000008ea00000, 0x000000008ea00000|100%| E|CS|TAMS 0x000000008e900000| PB 0x000000008e900000| Complete |  0
| 234|0x000000008ea00000, 0x000000008eb00000, 0x000000008eb00000|100%| E|CS|TAMS 0x000000008ea00000| PB 0x000000008ea00000| Complete |  0
| 235|0x000000008eb00000, 0x000000008ec00000, 0x000000008ec00000|100%| E|CS|TAMS 0x000000008eb00000| PB 0x000000008eb00000| Complete |  0
| 236|0x000000008ec00000, 0x000000008ed00000, 0x000000008ed00000|100%| E|CS|TAMS 0x000000008ec00000| PB 0x000000008ec00000| Complete |  0
| 237|0x000000008ed00000, 0x000000008ee00000, 0x000000008ee00000|100%| E|CS|TAMS 0x000000008ed00000| PB 0x000000008ed00000| Complete |  0
| 238|0x000000008ee00000, 0x000000008ef00000, 0x000000008ef00000|100%| E|CS|TAMS 0x000000008ee00000| PB 0x000000008ee00000| Complete |  0
| 239|0x000000008ef00000, 0x000000008f000000, 0x000000008f000000|100%| E|CS|TAMS 0x000000008ef00000| PB 0x000000008ef00000| Complete |  0
| 240|0x000000008f000000, 0x000000008f100000, 0x000000008f100000|100%| E|CS|TAMS 0x000000008f000000| PB 0x000000008f000000| Complete |  0
| 241|0x000000008f100000, 0x000000008f200000, 0x000000008f200000|100%| E|CS|TAMS 0x000000008f100000| PB 0x000000008f100000| Complete |  0
| 242|0x000000008f200000, 0x000000008f300000, 0x000000008f300000|100%| E|CS|TAMS 0x000000008f200000| PB 0x000000008f200000| Complete |  0
| 243|0x000000008f300000, 0x000000008f400000, 0x000000008f400000|100%| E|CS|TAMS 0x000000008f300000| PB 0x000000008f300000| Complete |  0
| 244|0x000000008f400000, 0x000000008f500000, 0x000000008f500000|100%| E|CS|TAMS 0x000000008f400000| PB 0x000000008f400000| Complete |  0
| 245|0x000000008f500000, 0x000000008f600000, 0x000000008f600000|100%| E|CS|TAMS 0x000000008f500000| PB 0x000000008f500000| Complete |  0
|2037|0x00000000ff500000, 0x00000000ff600000, 0x00000000ff600000|100%| E|CS|TAMS 0x00000000ff500000| PB 0x00000000ff500000| Complete |  0
|2038|0x00000000ff600000, 0x00000000ff700000, 0x00000000ff700000|100%| O|  |TAMS 0x00000000ff600000| PB 0x00000000ff600000| Untracked |  0
|2039|0x00000000ff700000, 0x00000000ff800000, 0x00000000ff800000|100%| O|  |TAMS 0x00000000ff700000| PB 0x00000000ff700000| Untracked |  0
|2040|0x00000000ff800000, 0x00000000ff900000, 0x00000000ff900000|100%| E|CS|TAMS 0x00000000ff800000| PB 0x00000000ff800000| Complete |  0
|2041|0x00000000ff900000, 0x00000000ffa00000, 0x00000000ffa00000|100%| E|CS|TAMS 0x00000000ff900000| PB 0x00000000ff900000| Complete |  0
|2042|0x00000000ffa00000, 0x00000000ffb00000, 0x00000000ffb00000|100%| O|  |TAMS 0x00000000ffa00000| PB 0x00000000ffa00000| Untracked |  0
|2043|0x00000000ffb00000, 0x00000000ffc00000, 0x00000000ffc00000|100%| O|  |TAMS 0x00000000ffb00000| PB 0x00000000ffb00000| Untracked |  0
|2044|0x00000000ffc00000, 0x00000000ffd00000, 0x00000000ffd00000|100%| O|  |TAMS 0x00000000ffc00000| PB 0x00000000ffc00000| Untracked |  0
|2045|0x00000000ffd00000, 0x00000000ffe00000, 0x00000000ffe00000|100%| O|  |TAMS 0x00000000ffd00000| PB 0x00000000ffd00000| Untracked |  0
|2046|0x00000000ffe00000, 0x00000000fff00000, 0x00000000fff00000|100%| O|  |TAMS 0x00000000ffe00000| PB 0x00000000ffe00000| Untracked |  0
|2047|0x00000000fff00000, 0x0000000100000000, 0x0000000100000000|100%| O|  |TAMS 0x00000000fff00000| PB 0x00000000fff00000| Untracked |  0

Card table byte_map: [0x000001c0296b0000,0x000001c029ab0000] _byte_map_base: 0x000001c0292b0000

Marking Bits: (CMBitMap*) 0x000001c01497c9b0
 Bits: [0x000001c029ab0000, 0x000001c02bab0000)

Polling page: 0x000001c014890000

Metaspace:
Metaspace        used 147752K, committed 150016K, reserved 1179648K
 class space     used 20455K, committed 21568K, reserved 1048576K

Usage:
  Non-class:    124.31 MB used.
      Class:     19.98 MB used.
       Both:    144.29 MB used.

Virtual space:
  Non-class space:      128.00 MB reserved,     125.44 MB ( 98%) committed,  2 nodes.
      Class space:        1.00 GB reserved,      21.06 MB (  2%) committed,  1 nodes.
             Both:        1.12 GB reserved,     146.50 MB ( 13%) committed. 

Chunk freelists:
   Non-Class:  1.67 MB
       Class:  10.95 MB
        Both:  12.62 MB

MaxMetaspaceSize: unlimited
CompressedClassSpaceSize: 1.00 GB
Initial GC threshold: 21.00 MB
Current GC threshold: 232.31 MB
CDS: off
 - commit_granule_bytes: 65536.
 - commit_granule_words: 8192.
 - virtual_space_node_default_size: 8388608.
 - enlarge_chunks_in_place: 1.
UseCompressedClassPointers 1, UseCompactObjectHeaders 0
Narrow klass pointer bits 32, Max shift 3
Narrow klass base: 0x0000000000000000, Narrow klass shift: 0
Encoding Range: [0x0000000000000000 - 0x0000000100000000), (4294967296 bytes)
Klass Range:    [0x000000001e000000 - 0x000000005e000000), (1073741824 bytes)
Klass ID Range:  [503316480 - 1577058297) (1073741817)
No protection zone.


Internal statistics:

num_allocs_failed_limit: 6.
num_arena_births: 4430.
num_arena_deaths: 0.
num_vsnodes_births: 3.
num_vsnodes_deaths: 0.
num_space_committed: 2342.
num_space_uncommitted: 0.
num_chunks_returned_to_freelist: 6.
num_chunks_taken_from_freelist: 10384.
num_chunk_merges: 6.
num_chunk_splits: 7107.
num_chunks_enlarged: 4847.
num_inconsistent_stats: 0.

CodeHeap 'non-profiled nmethods': size=120064Kb used=6986Kb max_used=6986Kb free=113077Kb
 bounds [0x000001c021310000, 0x000001c0219f0000, 0x000001c028850000]
CodeHeap 'profiled nmethods': size=120064Kb used=20808Kb max_used=20808Kb free=99255Kb
 bounds [0x000001c019830000, 0x000001c01ac90000, 0x000001c020d70000]
CodeHeap 'non-nmethods': size=5760Kb used=2144Kb max_used=2279Kb free=3615Kb
 bounds [0x000001c020d70000, 0x000001c020fe0000, 0x000001c021310000]
CodeCache: size=245888Kb, used=29938Kb, max_used=30073Kb, free=215947Kb
 total_blobs=15693, nmethods=14703, adapters=892, full_count=0
Compilation: enabled, stopped_count=0, restarted_count=0

Compilation events (20 events):
Event: 290.611 Thread 0x000001c02e560bb0 17227       4       org.gradle.internal.resources.AbstractTrackedResourceLock::failIfNotInResourceLockStateChange (23 bytes)
Event: 290.614 Thread 0x000001c02e560bb0 nmethod 17227 0x000001c0219e1f88 code [0x000001c0219e2080, 0x000001c0219e2330]
Event: 290.638 Thread 0x000001c02e5be5a0 17228       3       org.gradle.internal.model.StateTransitionController$InState::inStateAndNotTransitioning (14 bytes)
Event: 290.639 Thread 0x000001c02e5be5a0 nmethod 17228 0x000001c01ac7d988 code [0x000001c01ac7da80, 0x000001c01ac7dbd8]
Event: 290.652 Thread 0x000001c02e5be5a0 17229       3       io.opentelemetry.context.Context::current (21 bytes)
Event: 290.653 Thread 0x000001c02e5be5a0 nmethod 17229 0x000001c01ac7dc88 code [0x000001c01ac7dd80, 0x000001c01ac7e440]
Event: 290.654 Thread 0x000001c02e5be5a0 17230       3       org.gradle.api.internal.project.DefaultProjectState::ensureConfigured (23 bytes)
Event: 290.659 Thread 0x000001c02e5be5a0 nmethod 17230 0x000001c01ac7e488 code [0x000001c01ac7e580, 0x000001c01ac7f4d0]
Event: 290.659 Thread 0x000001c02e5be5a0 17231       3       org.gradle.api.internal.project.ProjectLifecycleController::ensureSelfConfigured (20 bytes)
Event: 290.660 Thread 0x000001c02e5be5a0 nmethod 17231 0x000001c01ac7f508 code [0x000001c01ac7f600, 0x000001c01ac7fbc8]
Event: 290.660 Thread 0x000001c02e5be5a0 17232       3       org.gradle.api.internal.project.ProjectLifecycleController$$Lambda/0x000000001eb2b280::<init> (10 bytes)
Event: 290.660 Thread 0x000001c02e5be5a0 nmethod 17232 0x000001c01ac7fc08 code [0x000001c01ac7fd00, 0x000001c01ac7feb0]
Event: 290.687 Thread 0x000001c02e5be5a0 17233       3       org.gradle.api.internal.project.DefaultProjectState::runWithModelLock (126 bytes)
Event: 290.691 Thread 0x000001c02e5be5a0 nmethod 17233 0x000001c01ac7ff08 code [0x000001c01ac80000, 0x000001c01ac81718]
Event: 290.724 Thread 0x000001c02e5be5a0 17234       3       org.gradle.internal.extensibility.ConventionAwareHelper::getConventionValue (101 bytes)
Event: 290.725 Thread 0x000001c02e5be5a0 nmethod 17234 0x000001c01ac81788 code [0x000001c01ac81880, 0x000001c01ac82350]
Event: 291.252 Thread 0x000001c02e560bb0 17235       4       org.gradle.internal.ImmutableActionSet::empty (10 bytes)
Event: 291.256 Thread 0x000001c02e560bb0 nmethod 17235 0x000001c0219e2388 code [0x000001c0219e2480, 0x000001c0219e24f0]
Event: 291.303 Thread 0x000001c02e560bb0 17236       4       java.lang.invoke.LambdaForm$MH/0x000000001e258c00::invoke (61 bytes)
Event: 291.337 Thread 0x000001c02e560bb0 nmethod 17236 0x000001c0219e2688 code [0x000001c0219e2780, 0x000001c0219e28e8]

GC Heap Usage History (20 events):
Event: 52.787 {heap Before GC invocations=53 (full 0):
 garbage-first heap   total reserved 2097152K, committed 206848K, used 178642K [0x0000000080000000, 0x0000000100000000)
  region size 1024K, 60 young (61440K), 5 survivors (5120K)
}
Event: 52.796 {heap After GC invocations=54 (full 0):
 garbage-first heap   total reserved 2097152K, committed 206848K, used 126976K [0x0000000080000000, 0x0000000100000000)
  region size 1024K, 8 young (8192K), 8 survivors (8192K)
}
Event: 53.565 {heap Before GC invocations=54 (full 0):
 garbage-first heap   total reserved 2097152K, committed 206848K, used 190464K [0x0000000080000000, 0x0000000100000000)
  region size 1024K, 70 young (71680K), 8 survivors (8192K)
}
Event: 53.575 {heap After GC invocations=55 (full 0):
 garbage-first heap   total reserved 2097152K, committed 206848K, used 131321K [0x0000000080000000, 0x0000000100000000)
  region size 1024K, 9 young (9216K), 9 survivors (9216K)
}
Event: 53.746 {heap Before GC invocations=55 (full 0):
 garbage-first heap   total reserved 2097152K, committed 206848K, used 143609K [0x0000000080000000, 0x0000000100000000)
  region size 1024K, 23 young (23552K), 9 survivors (9216K)
}
Event: 53.751 {heap After GC invocations=56 (full 0):
 garbage-first heap   total reserved 2097152K, committed 206848K, used 133516K [0x0000000080000000, 0x0000000100000000)
  region size 1024K, 7 young (7168K), 7 survivors (7168K)
}
Event: 54.957 {heap Before GC invocations=57 (full 0):
 garbage-first heap   total reserved 2097152K, committed 227328K, used 194956K [0x0000000080000000, 0x0000000100000000)
  region size 1024K, 65 young (66560K), 7 survivors (7168K)
}
Event: 54.964 {heap After GC invocations=58 (full 0):
 garbage-first heap   total reserved 2097152K, committed 227328K, used 135044K [0x0000000080000000, 0x0000000100000000)
  region size 1024K, 4 young (4096K), 4 survivors (4096K)
}
Event: 56.216 {heap Before GC invocations=58 (full 0):
 garbage-first heap   total reserved 2097152K, committed 227328K, used 209796K [0x0000000080000000, 0x0000000100000000)
  region size 1024K, 77 young (78848K), 4 survivors (4096K)
}
Event: 56.224 {heap After GC invocations=59 (full 0):
 garbage-first heap   total reserved 2097152K, committed 227328K, used 138240K [0x0000000080000000, 0x0000000100000000)
  region size 1024K, 7 young (7168K), 7 survivors (7168K)
}
Event: 57.343 {heap Before GC invocations=59 (full 0):
 garbage-first heap   total reserved 2097152K, committed 227328K, used 212992K [0x0000000080000000, 0x0000000100000000)
  region size 1024K, 80 young (81920K), 7 survivors (7168K)
}
Event: 57.361 {heap After GC invocations=60 (full 0):
 garbage-first heap   total reserved 2097152K, committed 227328K, used 143974K [0x0000000080000000, 0x0000000100000000)
  region size 1024K, 10 young (10240K), 10 survivors (10240K)
}
Event: 58.394 {heap Before GC invocations=61 (full 0):
 garbage-first heap   total reserved 2097152K, committed 240640K, used 212582K [0x0000000080000000, 0x0000000100000000)
  region size 1024K, 77 young (78848K), 10 survivors (10240K)
}
Event: 58.407 {heap After GC invocations=62 (full 0):
 garbage-first heap   total reserved 2097152K, committed 240640K, used 152015K [0x0000000080000000, 0x0000000100000000)
  region size 1024K, 8 young (8192K), 8 survivors (8192K)
}
Event: 59.672 {heap Before GC invocations=62 (full 0):
 garbage-first heap   total reserved 2097152K, committed 240640K, used 222671K [0x0000000080000000, 0x0000000100000000)
  region size 1024K, 78 young (79872K), 8 survivors (8192K)
}
Event: 59.688 {heap After GC invocations=63 (full 0):
 garbage-first heap   total reserved 2097152K, committed 240640K, used 153778K [0x0000000080000000, 0x0000000100000000)
  region size 1024K, 4 young (4096K), 4 survivors (4096K)
}
Event: 253.773 {heap Before GC invocations=63 (full 0):
 garbage-first heap   total reserved 2097152K, committed 240640K, used 225458K [0x0000000080000000, 0x0000000100000000)
  region size 1024K, 74 young (75776K), 4 survivors (4096K)
}
Event: 253.986 {heap After GC invocations=64 (full 0):
 garbage-first heap   total reserved 2097152K, committed 240640K, used 157696K [0x0000000080000000, 0x0000000100000000)
  region size 1024K, 7 young (7168K), 7 survivors (7168K)
}
Event: 269.530 {heap Before GC invocations=65 (full 0):
 garbage-first heap   total reserved 2097152K, committed 263168K, used 227328K [0x0000000080000000, 0x0000000100000000)
  region size 1024K, 74 young (75776K), 7 survivors (7168K)
}
Event: 269.981 {heap After GC invocations=66 (full 0):
 garbage-first heap   total reserved 2097152K, committed 263168K, used 162421K [0x0000000080000000, 0x0000000100000000)
  region size 1024K, 9 young (9216K), 9 survivors (9216K)
}

Metaspace Usage History (20 events):
Event: 52.787 {metaspace Before GC invocations=53 (full 0):
 Metaspace       used 111166K, committed 113408K, reserved 1179648K
  class space    used 16164K, committed 17216K, reserved 1048576K
}
Event: 52.796 {metaspace After GC invocations=54 (full 0):
 Metaspace       used 111166K, committed 113408K, reserved 1179648K
  class space    used 16164K, committed 17216K, reserved 1048576K
}
Event: 53.565 {metaspace Before GC invocations=54 (full 0):
 Metaspace       used 111434K, committed 113600K, reserved 1179648K
  class space    used 16188K, committed 17216K, reserved 1048576K
}
Event: 53.575 {metaspace After GC invocations=55 (full 0):
 Metaspace       used 111434K, committed 113600K, reserved 1179648K
  class space    used 16188K, committed 17216K, reserved 1048576K
}
Event: 53.746 {metaspace Before GC invocations=55 (full 0):
 Metaspace       used 112096K, committed 114304K, reserved 1179648K
  class space    used 16278K, committed 17344K, reserved 1048576K
}
Event: 53.751 {metaspace After GC invocations=56 (full 0):
 Metaspace       used 112096K, committed 114304K, reserved 1179648K
  class space    used 16278K, committed 17344K, reserved 1048576K
}
Event: 54.957 {metaspace Before GC invocations=57 (full 0):
 Metaspace       used 118249K, committed 120384K, reserved 1179648K
  class space    used 17145K, committed 18176K, reserved 1048576K
}
Event: 54.964 {metaspace After GC invocations=58 (full 0):
 Metaspace       used 118249K, committed 120384K, reserved 1179648K
  class space    used 17145K, committed 18176K, reserved 1048576K
}
Event: 56.216 {metaspace Before GC invocations=58 (full 0):
 Metaspace       used 125323K, committed 127552K, reserved 1179648K
  class space    used 18066K, committed 19136K, reserved 1048576K
}
Event: 56.224 {metaspace After GC invocations=59 (full 0):
 Metaspace       used 125323K, committed 127552K, reserved 1179648K
  class space    used 18066K, committed 19136K, reserved 1048576K
}
Event: 57.343 {metaspace Before GC invocations=59 (full 0):
 Metaspace       used 126647K, committed 128896K, reserved 1179648K
  class space    used 18199K, committed 19264K, reserved 1048576K
}
Event: 57.361 {metaspace After GC invocations=60 (full 0):
 Metaspace       used 126647K, committed 128896K, reserved 1179648K
  class space    used 18199K, committed 19264K, reserved 1048576K
}
Event: 58.394 {metaspace Before GC invocations=61 (full 0):
 Metaspace       used 130073K, committed 132416K, reserved 1179648K
  class space    used 18607K, committed 19712K, reserved 1048576K
}
Event: 58.407 {metaspace After GC invocations=62 (full 0):
 Metaspace       used 130073K, committed 132416K, reserved 1179648K
  class space    used 18607K, committed 19712K, reserved 1048576K
}
Event: 59.672 {metaspace Before GC invocations=62 (full 0):
 Metaspace       used 137713K, committed 140032K, reserved 1179648K
  class space    used 19388K, committed 20480K, reserved 1048576K
}
Event: 59.688 {metaspace After GC invocations=63 (full 0):
 Metaspace       used 137713K, committed 140032K, reserved 1179648K
  class space    used 19388K, committed 20480K, reserved 1048576K
}
Event: 253.773 {metaspace Before GC invocations=63 (full 0):
 Metaspace       used 140338K, committed 142656K, reserved 1179648K
  class space    used 19697K, committed 20800K, reserved 1048576K
}
Event: 253.986 {metaspace After GC invocations=64 (full 0):
 Metaspace       used 140338K, committed 142656K, reserved 1179648K
  class space    used 19697K, committed 20800K, reserved 1048576K
}
Event: 269.531 {metaspace Before GC invocations=65 (full 0):
 Metaspace       used 145463K, committed 147776K, reserved 1179648K
  class space    used 20182K, committed 21312K, reserved 1048576K
}
Event: 269.981 {metaspace After GC invocations=66 (full 0):
 Metaspace       used 145463K, committed 147776K, reserved 1179648K
  class space    used 20182K, committed 21312K, reserved 1048576K
}

Dll operation events (3 events):
Event: 0.297 Loaded shared library C:\Program Files\Android\Android Studio\jbr\bin\java.dll
Event: 0.422 Loaded shared library C:\Program Files\Android\Android Studio\jbr\bin\zip.dll
Event: 13.673 Loaded shared library C:\Program Files\Android\Android Studio\jbr\bin\verify.dll

Deoptimization events (20 events):
Event: 269.998 Thread 0x000001c02e55b1f0 Uncommon trap: trap_request=0xffffff45 fr.pc=0x000001c021611508 relative=0x0000000000000308
Event: 269.999 Thread 0x000001c02e55b1f0 Uncommon trap: reason=unstable_if action=reinterpret pc=0x000001c021611508 method=java.lang.ref.ReferenceQueue.enqueue0(Ljava/lang/ref/Reference;)Z @ 85 c2
Event: 270.001 Thread 0x000001c02e55b1f0 DEOPT PACKING pc=0x000001c021611508 sp=0x00000085ab3ff570
Event: 270.003 Thread 0x000001c02e55b1f0 DEOPT UNPACKING pc=0x000001c020df4602 sp=0x00000085ab3ff4b0 mode 2
Event: 270.009 Thread 0x000001c02e55cdc0 Uncommon trap: trap_request=0xffffffc6 fr.pc=0x000001c021611c4c relative=0x00000000000001cc
Event: 270.009 Thread 0x000001c02e55cdc0 Uncommon trap: reason=bimorphic_or_optimized_type_check action=maybe_recompile pc=0x000001c021611c4c method=java.lang.ThreadLocal.remove(Ljava/lang/Thread;)V @ 2 c2
Event: 270.009 Thread 0x000001c02e55cdc0 DEOPT PACKING pc=0x000001c021611c4c sp=0x00000085ab4ff070
Event: 270.010 Thread 0x000001c02e55cdc0 DEOPT UNPACKING pc=0x000001c020df4602 sp=0x00000085ab4fefa8 mode 2
Event: 271.130 Thread 0x000001c034901830 Uncommon trap: trap_request=0xffffff45 fr.pc=0x000001c02173aa54 relative=0x0000000000000154
Event: 271.130 Thread 0x000001c034901830 Uncommon trap: reason=unstable_if action=reinterpret pc=0x000001c02173aa54 method=org.gradle.internal.time.DefaultCountdownTimer.hasExpired()Z @ 6 c2
Event: 271.131 Thread 0x000001c034901830 DEOPT PACKING pc=0x000001c02173aa54 sp=0x00000085ac6f7a40
Event: 271.132 Thread 0x000001c034901830 DEOPT UNPACKING pc=0x000001c020df4602 sp=0x00000085ac6f7a00 mode 2
Event: 279.718 Thread 0x000001c034901830 Uncommon trap: trap_request=0xffffff66 fr.pc=0x000001c021982ae0 relative=0x00000000000000e0
Event: 279.748 Thread 0x000001c034901830 Uncommon trap: reason=loop_limit_check action=maybe_recompile pc=0x000001c021982ae0 method=java.util.BitSet.recalculateWordsInUse()V @ 8 c2
Event: 279.748 Thread 0x000001c034901830 DEOPT PACKING pc=0x000001c021982ae0 sp=0x00000085ac6f5b90
Event: 279.750 Thread 0x000001c034901830 DEOPT UNPACKING pc=0x000001c020df4602 sp=0x00000085ac6f5b20 mode 2
Event: 288.388 Thread 0x000001c034901830 Uncommon trap: trap_request=0xffffff45 fr.pc=0x000001c0219b4090 relative=0x0000000000000090
Event: 288.388 Thread 0x000001c034901830 Uncommon trap: reason=unstable_if action=reinterpret pc=0x000001c0219b4090 method=kotlin.text.StringsKt__AppendableKt.appendElement(Ljava/lang/Appendable;Ljava/lang/Object;Lkotlin/jvm/functions/Function1;)V @ 9 c2
Event: 288.388 Thread 0x000001c034901830 DEOPT PACKING pc=0x000001c0219b4090 sp=0x00000085ac6f95f0
Event: 288.388 Thread 0x000001c034901830 DEOPT UNPACKING pc=0x000001c020df4602 sp=0x00000085ac6f9580 mode 2

Classes loaded (20 events):
Event: 58.750 Loading class java/time/temporal/TemporalQueries$4
Event: 58.750 Loading class java/time/temporal/TemporalQueries$4 done
Event: 58.751 Loading class java/time/temporal/TemporalQueries$5
Event: 58.751 Loading class java/time/temporal/TemporalQueries$5 done
Event: 58.751 Loading class java/time/temporal/TemporalQueries$6
Event: 58.751 Loading class java/time/temporal/TemporalQueries$6 done
Event: 58.751 Loading class java/time/temporal/TemporalQueries$7
Event: 58.751 Loading class java/time/temporal/TemporalQueries$7 done
Event: 58.751 Loading class java/time/LocalDate$1
Event: 58.752 Loading class java/time/LocalDate$1 done
Event: 58.932 Loading class java/time/Clock
Event: 58.934 Loading class java/time/InstantSource
Event: 58.934 Loading class java/time/InstantSource done
Event: 58.934 Loading class java/time/Clock done
Event: 58.935 Loading class java/time/Instant$1
Event: 58.935 Loading class java/time/Instant$1 done
Event: 58.982 Loading class java/util/concurrent/CompletableFuture$AsyncRun
Event: 58.982 Loading class java/util/concurrent/CompletableFuture$AsyncRun done
Event: 229.545 Loading class jdk/internal/math/FormattedFPDecimal
Event: 230.228 Loading class jdk/internal/math/FormattedFPDecimal done

Classes unloaded (0 events):
No events

Classes redefined (0 events):
No events

Internal exceptions (20 events):
Event: 288.971 Thread 0x000001c034901830 Exception <a 'sun/nio/fs/WindowsException'{0x000000008c2b3a48}> (0x000000008c2b3a48) 
thrown [s\src\hotspot\share\prims\jni.cpp, line 535]
Event: 289.044 Thread 0x000001c034901830 Exception <a 'sun/nio/fs/WindowsException'{0x000000008c2ba970}> (0x000000008c2ba970) 
thrown [s\src\hotspot\share\prims\jni.cpp, line 535]
Event: 289.046 Thread 0x000001c034901830 Exception <a 'sun/nio/fs/WindowsException'{0x000000008c2bcaf8}> (0x000000008c2bcaf8) 
thrown [s\src\hotspot\share\prims\jni.cpp, line 535]
Event: 289.055 Thread 0x000001c034901830 Exception <a 'sun/nio/fs/WindowsException'{0x000000008c2c4f90}> (0x000000008c2c4f90) 
thrown [s\src\hotspot\share\prims\jni.cpp, line 535]
Event: 289.111 Thread 0x000001c034901830 Exception <a 'sun/nio/fs/WindowsException'{0x000000008c2c7138}> (0x000000008c2c7138) 
thrown [s\src\hotspot\share\prims\jni.cpp, line 535]
Event: 289.126 Thread 0x000001c034901830 Exception <a 'sun/nio/fs/WindowsException'{0x000000008c2c9450}> (0x000000008c2c9450) 
thrown [s\src\hotspot\share\prims\jni.cpp, line 535]
Event: 289.127 Thread 0x000001c034901830 Exception <a 'sun/nio/fs/WindowsException'{0x000000008c2cb5f8}> (0x000000008c2cb5f8) 
thrown [s\src\hotspot\share\prims\jni.cpp, line 535]
Event: 289.151 Thread 0x000001c034901830 Exception <a 'sun/nio/fs/WindowsException'{0x000000008c2cf840}> (0x000000008c2cf840) 
thrown [s\src\hotspot\share\prims\jni.cpp, line 535]
Event: 289.161 Thread 0x000001c034901830 Exception <a 'sun/nio/fs/WindowsException'{0x000000008c2d1a98}> (0x000000008c2d1a98) 
thrown [s\src\hotspot\share\prims\jni.cpp, line 535]
Event: 289.165 Thread 0x000001c034901830 Exception <a 'sun/nio/fs/WindowsException'{0x000000008c2d3e38}> (0x000000008c2d3e38) 
thrown [s\src\hotspot\share\prims\jni.cpp, line 535]
Event: 289.168 Thread 0x000001c034901830 Exception <a 'sun/nio/fs/WindowsException'{0x000000008c2d6090}> (0x000000008c2d6090) 
thrown [s\src\hotspot\share\prims\jni.cpp, line 535]
Event: 289.170 Thread 0x000001c034901830 Exception <a 'sun/nio/fs/WindowsException'{0x000000008c2d99e8}> (0x000000008c2d99e8) 
thrown [s\src\hotspot\share\prims\jni.cpp, line 535]
Event: 289.171 Thread 0x000001c034901830 Exception <a 'sun/nio/fs/WindowsException'{0x000000008c2dbc08}> (0x000000008c2dbc08) 
thrown [s\src\hotspot\share\prims\jni.cpp, line 535]
Event: 289.176 Thread 0x000001c034901830 Exception <a 'sun/nio/fs/WindowsException'{0x000000008c2ddff8}> (0x000000008c2ddff8) 
thrown [s\src\hotspot\share\prims\jni.cpp, line 535]
Event: 289.176 Thread 0x000001c034901830 Exception <a 'sun/nio/fs/WindowsException'{0x000000008c2e0218}> (0x000000008c2e0218) 
thrown [s\src\hotspot\share\prims\jni.cpp, line 535]
Event: 289.177 Thread 0x000001c034901830 Exception <a 'sun/nio/fs/WindowsException'{0x000000008c2e3c50}> (0x000000008c2e3c50) 
thrown [s\src\hotspot\share\prims\jni.cpp, line 535]
Event: 289.180 Thread 0x000001c034901830 Exception <a 'sun/nio/fs/WindowsException'{0x000000008c2e5fb8}> (0x000000008c2e5fb8) 
thrown [s\src\hotspot\share\prims\jni.cpp, line 535]
Event: 289.182 Thread 0x000001c034901830 Exception <a 'sun/nio/fs/WindowsException'{0x000000008c2e8380}> (0x000000008c2e8380) 
thrown [s\src\hotspot\share\prims\jni.cpp, line 535]
Event: 289.183 Thread 0x000001c034901830 Exception <a 'sun/nio/fs/WindowsException'{0x000000008c2ea5e8}> (0x000000008c2ea5e8) 
thrown [s\src\hotspot\share\prims\jni.cpp, line 535]
Event: 290.161 Thread 0x000001c0359afb80 Exception <a 'sun/nio/fs/WindowsException'{0x000000008e0882c8}> (0x000000008e0882c8) 
thrown [s\src\hotspot\share\prims\jni.cpp, line 535]

VM Operations (20 events):
Event: 120.366 Executing non-safepoint VM operation: HandshakeAllThreads (HandshakeForDeflation)
Event: 120.369 Executing non-safepoint VM operation: HandshakeAllThreads (HandshakeForDeflation) done
Event: 120.369 Executing non-safepoint VM operation: RendezvousGCThreads
Event: 120.369 Executing non-safepoint VM operation: RendezvousGCThreads done
Event: 180.444 Executing non-safepoint VM operation: HandshakeAllThreads (HandshakeForDeflation)
Event: 180.459 Executing non-safepoint VM operation: HandshakeAllThreads (HandshakeForDeflation) done
Event: 180.459 Executing non-safepoint VM operation: RendezvousGCThreads
Event: 180.459 Executing non-safepoint VM operation: RendezvousGCThreads done
Event: 240.528 Executing non-safepoint VM operation: HandshakeAllThreads (HandshakeForDeflation)
Event: 240.569 Executing non-safepoint VM operation: HandshakeAllThreads (HandshakeForDeflation) done
Event: 240.569 Executing non-safepoint VM operation: RendezvousGCThreads
Event: 240.569 Executing non-safepoint VM operation: RendezvousGCThreads done
Event: 253.753 Executing safepoint VM operation: G1CollectForAllocation (G1 Evacuation Pause)
Event: 253.987 Executing safepoint VM operation: G1CollectForAllocation (G1 Evacuation Pause) done
Event: 255.468 Executing safepoint VM operation: G1PauseRemark
Event: 255.811 Executing safepoint VM operation: G1PauseRemark done
Event: 255.953 Executing safepoint VM operation: G1PauseCleanup
Event: 255.953 Executing safepoint VM operation: G1PauseCleanup done
Event: 269.528 Executing safepoint VM operation: G1CollectForAllocation (G1 Evacuation Pause)
Event: 269.981 Executing safepoint VM operation: G1CollectForAllocation (G1 Evacuation Pause) done

Memory protections (0 events):
No events

Nmethod flushes (20 events):
Event: 255.766 Thread 0x000001c02e525710 flushing  nmethod 0x000001c01a17dc88
Event: 255.766 Thread 0x000001c02e525710 flushing  nmethod 0x000001c01a17e188
Event: 255.766 Thread 0x000001c02e525710 flushing  nmethod 0x000001c01a17fe88
Event: 255.766 Thread 0x000001c02e525710 flushing  nmethod 0x000001c01a180888
Event: 255.766 Thread 0x000001c02e525710 flushing  nmethod 0x000001c01a1d2f08
Event: 255.766 Thread 0x000001c02e525710 flushing  nmethod 0x000001c01a348588
Event: 255.766 Thread 0x000001c02e525710 flushing  nmethod 0x000001c01a348888
Event: 255.766 Thread 0x000001c02e525710 flushing  nmethod 0x000001c01a34ae08
Event: 255.766 Thread 0x000001c02e525710 flushing  nmethod 0x000001c01a34ce88
Event: 255.766 Thread 0x000001c02e525710 flushing  nmethod 0x000001c01a3e8b88
Event: 255.767 Thread 0x000001c02e525710 flushing  nmethod 0x000001c01a456788
Event: 255.768 Thread 0x000001c02e525710 flushing  nmethod 0x000001c01a463388
Event: 255.768 Thread 0x000001c02e525710 flushing  nmethod 0x000001c01a5a9f88
Event: 255.768 Thread 0x000001c02e525710 flushing  nmethod 0x000001c01a5abe08
Event: 255.768 Thread 0x000001c02e525710 flushing  nmethod 0x000001c01a789008
Event: 255.768 Thread 0x000001c02e525710 flushing  nmethod 0x000001c01a789608
Event: 255.768 Thread 0x000001c02e525710 flushing  nmethod 0x000001c01a789c08
Event: 255.768 Thread 0x000001c02e525710 flushing  nmethod 0x000001c01a789f88
Event: 255.768 Thread 0x000001c02e525710 flushing  nmethod 0x000001c01a78a708
Event: 255.768 Thread 0x000001c02e525710 flushing  nmethod 0x000001c01a78ae88

Events (20 events):
Event: 243.852 Thread 0x000001c034901830 Thread added: 0x000001c0362e48d0
Event: 244.842 Thread 0x000001c034901830 Thread added: 0x000001c035d89880
Event: 244.843 Thread 0x000001c034901830 Thread added: 0x000001c035d888e0
Event: 244.844 Thread 0x000001c034901830 Thread added: 0x000001c035d87940
Event: 244.909 Thread 0x000001c034901830 Thread added: 0x000001c035d8a050
Event: 244.914 Thread 0x000001c034901830 Thread added: 0x000001c035d8a820
Event: 244.919 Thread 0x000001c034901830 Thread added: 0x000001c035d87170
Event: 258.969 Thread 0x000001c034901830 Thread added: 0x000001c038019b30
Event: 259.850 Thread 0x000001c034901830 Thread added: 0x000001c0380183c0
Event: 260.706 Thread 0x000001c0380183c0 Thread exited: 0x000001c0380183c0
Event: 261.044 Thread 0x000001c034901830 Thread added: 0x000001c038019360
Event: 261.060 Thread 0x000001c038019360 Thread added: 0x000001c034744540
Event: 261.062 Thread 0x000001c038019360 Thread added: 0x000001c0347454e0
Event: 261.064 Thread 0x000001c038019360 Thread added: 0x000001c0347435a0
Event: 261.067 Thread 0x000001c038019360 Thread added: 0x000001c034745cb0
Event: 261.068 Thread 0x000001c038019360 Thread added: 0x000001c034743d70
Event: 261.068 Thread 0x000001c038019360 Thread added: 0x000001c034742600
Event: 261.070 Thread 0x000001c038019360 Thread added: 0x000001c034746480
Event: 261.140 Thread 0x000001c034744540 Thread added: 0x000001c034746c50
Event: 261.580 Thread 0x000001c034901830 Thread added: 0x000001c03474a300


Dynamic libraries:
0x00007ff78f930000 - 0x00007ff78f93a000 	C:\Program Files\Android\Android Studio\jbr\bin\java.exe
0x00007ff8182c0000 - 0x00007ff818527000 	C:\WINDOWS\SYSTEM32\ntdll.dll
0x00007ff816dd0000 - 0x00007ff816e9b000 	C:\WINDOWS\System32\KERNEL32.DLL
0x00007ff8156f0000 - 0x00007ff815af2000 	C:\WINDOWS\System32\KERNELBASE.dll
0x00007ff815bc0000 - 0x00007ff815d0c000 	C:\WINDOWS\System32\ucrtbase.dll
0x00007ff805620000 - 0x00007ff80563b000 	C:\Program Files\Android\Android Studio\jbr\bin\VCRUNTIME140.dll
0x00007ff806c00000 - 0x00007ff806c16000 	C:\Program Files\Android\Android Studio\jbr\bin\jli.dll
0x00007ff817b20000 - 0x00007ff817cef000 	C:\WINDOWS\System32\USER32.dll
0x00007ff815b90000 - 0x00007ff815bb7000 	C:\WINDOWS\System32\win32u.dll
0x00007ff816ea0000 - 0x00007ff816ecb000 	C:\WINDOWS\System32\GDI32.dll
0x00007ff815eb0000 - 0x00007ff815fd9000 	C:\WINDOWS\System32\gdi32full.dll
0x00007ff8154c0000 - 0x00007ff815563000 	C:\WINDOWS\System32\msvcp_win.dll
0x00007ffff5750000 - 0x00007ffff59e0000 	C:\WINDOWS\WinSxS\amd64_microsoft.windows.common-controls_6595b64144ccf1df_6.0.26100.9278_none_3e0d1ba8e3303201\COMCTL32.dll
0x00007ff8166b0000 - 0x00007ff816759000 	C:\WINDOWS\System32\msvcrt.dll
0x00007ff817a50000 - 0x00007ff817a81000 	C:\WINDOWS\System32\IMM32.DLL
0x00007ff8059e0000 - 0x00007ff8059ec000 	C:\Program Files\Android\Android Studio\jbr\bin\vcruntime140_1.dll
0x00007fffe5ad0000 - 0x00007fffe5b5d000 	C:\Program Files\Android\Android Studio\jbr\bin\msvcp140.dll
0x00007fff6fb70000 - 0x00007fff70a4d000 	C:\Program Files\Android\Android Studio\jbr\bin\server\jvm.dll
0x00007ff816760000 - 0x00007ff81681c000 	C:\WINDOWS\System32\ADVAPI32.dll
0x00007ff816500000 - 0x00007ff8165a9000 	C:\WINDOWS\System32\sechost.dll
0x00007ff816910000 - 0x00007ff816a28000 	C:\WINDOWS\System32\RPCRT4.dll
0x00007ff817a90000 - 0x00007ff817b10000 	C:\WINDOWS\System32\WS2_32.dll
0x00007ff80b870000 - 0x00007ff80b8a6000 	C:\WINDOWS\SYSTEM32\WINMM.dll
0x00007ff815320000 - 0x00007ff81537e000 	C:\WINDOWS\SYSTEM32\POWRPROF.dll
0x00007ff80b230000 - 0x00007ff80b23b000 	C:\WINDOWS\SYSTEM32\VERSION.dll
0x00007ff815300000 - 0x00007ff815315000 	C:\WINDOWS\SYSTEM32\UMPDC.dll
0x00007ff814190000 - 0x00007ff8141ab000 	C:\WINDOWS\SYSTEM32\kernel.appcore.dll
0x00007ff805810000 - 0x00007ff80581a000 	C:\Program Files\Android\Android Studio\jbr\bin\jimage.dll
0x00007ffffeff0000 - 0x00007fffff23c000 	C:\WINDOWS\SYSTEM32\DBGHELP.DLL
0x00007ff816170000 - 0x00007ff8164f5000 	C:\WINDOWS\System32\combase.dll
0x00007ff816830000 - 0x00007ff816909000 	C:\WINDOWS\System32\OLEAUT32.dll
0x00007ffff60e0000 - 0x00007ffff611b000 	C:\WINDOWS\SYSTEM32\dbgcore.DLL
0x00007ff815630000 - 0x00007ff8156dc000 	C:\WINDOWS\System32\bcryptPrimitives.dll
0x00007ff8061e0000 - 0x00007ff8061ee000 	C:\Program Files\Android\Android Studio\jbr\bin\instrument.dll
0x00007ff805450000 - 0x00007ff80546e000 	C:\Program Files\Android\Android Studio\jbr\bin\java.dll
0x00007ff816a30000 - 0x00007ff816bca000 	C:\WINDOWS\System32\ole32.dll
0x00007ff816ed0000 - 0x00007ff817668000 	C:\WINDOWS\System32\SHELL32.dll
0x00007ff803cd0000 - 0x00007ff803ce6000 	C:\Program Files\Android\Android Studio\jbr\bin\zip.dll
0x00007ff812f40000 - 0x00007ff8137ee000 	C:\WINDOWS\SYSTEM32\windows.storage.dll
0x00007ff8176c0000 - 0x00007ff8177bb000 	C:\WINDOWS\System32\SHCORE.dll
0x00007ff8177c0000 - 0x00007ff817826000 	C:\WINDOWS\System32\shlwapi.dll
0x00007ff8153e0000 - 0x00007ff815409000 	C:\WINDOWS\SYSTEM32\profapi.dll
0x00007ff8052e0000 - 0x00007ff8052f0000 	C:\Program Files\Android\Android Studio\jbr\bin\net.dll
0x00007ff814750000 - 0x00007ff8147bc000 	C:\WINDOWS\system32\mswsock.dll
0x00007ff803200000 - 0x00007ff803216000 	C:\Program Files\Android\Android Studio\jbr\bin\nio.dll
0x00007ff806c90000 - 0x00007ff806ca0000 	C:\Program Files\Android\Android Studio\jbr\bin\verify.dll
0x00007ff805a90000 - 0x00007ff805ab7000 	C:\Users\user\.gradle\native\660c5614fbf4a5f2a75b1949f50a0caf5cd603558e7d8a26e50b933a0cfb79d1\windows-amd64\native-platform.dll
0x00007ffff77c0000 - 0x00007ffff7837000 	C:\Users\user\.gradle\native\0.2.8\x86_64-windows-gnu\gradle-fileevents.dll
0x00007ff808ed0000 - 0x00007ff808ed9000 	C:\Program Files\Android\Android Studio\jbr\bin\management.dll
0x00007ff808ec0000 - 0x00007ff808ecb000 	C:\Program Files\Android\Android Studio\jbr\bin\management_ext.dll
0x00007ff816140000 - 0x00007ff816148000 	C:\WINDOWS\System32\PSAPI.DLL
0x00007ff813bb0000 - 0x00007ff813be3000 	C:\WINDOWS\SYSTEM32\IPHLPAPI.DLL
0x00007ff8178f0000 - 0x00007ff8178fa000 	C:\WINDOWS\System32\NSI.dll
0x00007ff810180000 - 0x00007ff810189000 	C:\Program Files\Android\Android Studio\jbr\bin\extnet.dll
0x00007ff814a40000 - 0x00007ff814a5b000 	C:\WINDOWS\SYSTEM32\CRYPTSP.dll
0x00007ff8140f0000 - 0x00007ff814129000 	C:\WINDOWS\system32\rsaenh.dll
0x00007ff814800000 - 0x00007ff814834000 	C:\WINDOWS\SYSTEM32\USERENV.dll
0x00007ff8153b0000 - 0x00007ff8153da000 	C:\WINDOWS\SYSTEM32\bcrypt.dll
0x00007ff814a60000 - 0x00007ff814a6c000 	C:\WINDOWS\SYSTEM32\CRYPTBASE.dll
0x00007fffe9980000 - 0x00007fffe9988000 	C:\WINDOWS\system32\wshunix.dll

JVMTI agents:
C:\Users\user\.gradle\wrapper\dists\gradle-9.6.0-bin\42k10rwplmzkhuboz9kdazi7s\gradle-9.6.0\lib\agents\gradle-instrumentation-agent-9.6.0.jar path:C:\Program Files\Android\Android Studio\jbr\bin\instrument.dll, loaded, initialized, instrumentlib options:none

dbghelp: loaded successfully - version: 4.0.5 - missing functions: none
symbol engine: initialized successfully - sym options: 0x614 - pdb path: .;C:\Program Files\Android\Android Studio\jbr\bin;C:\WINDOWS\SYSTEM32;C:\WINDOWS\WinSxS\amd64_microsoft.windows.common-controls_6595b64144ccf1df_6.0.26100.9278_none_3e0d1ba8e3303201;C:\Program Files\Android\Android Studio\jbr\bin\server;C:\Users\user\.gradle\native\660c5614fbf4a5f2a75b1949f50a0caf5cd603558e7d8a26e50b933a0cfb79d1\windows-amd64;C:\Users\user\.gradle\native\0.2.8\x86_64-windows-gnu

VM Arguments:
jvm_args: --add-opens=java.base/java.lang=ALL-UNNAMED --add-opens=java.base/java.lang.invoke=ALL-UNNAMED --add-opens=java.base/java.util=ALL-UNNAMED --add-opens=java.prefs/java.util.prefs=ALL-UNNAMED --add-exports=jdk.compiler/com.sun.tools.javac.api=ALL-UNNAMED --add-exports=jdk.compiler/com.sun.tools.javac.util=ALL-UNNAMED --add-opens=java.base/java.nio.charset=ALL-UNNAMED --add-opens=java.base/java.net=ALL-UNNAMED --add-opens=java.base/java.util.concurrent=ALL-UNNAMED --add-opens=java.base/java.util.concurrent.atomic=ALL-UNNAMED --add-opens=java.xml/javax.xml.namespace=ALL-UNNAMED --add-opens=java.base/java.time=ALL-UNNAMED --enable-native-access=ALL-UNNAMED -Xmx2048m -Dfile.encoding=UTF-8 -Duser.country=US -Duser.language=en -Duser.variant -javaagent:C:\Users\user\.gradle\wrapper\dists\gradle-9.6.0-bin\42k10rwplmzkhuboz9kdazi7s\gradle-9.6.0\lib\agents\gradle-instrumentation-agent-9.6.0.jar 
java_command: org.gradle.launcher.daemon.bootstrap.GradleDaemon 9.6.0
java_class_path (initial): C:\Users\user\.gradle\wrapper\dists\gradle-9.6.0-bin\42k10rwplmzkhuboz9kdazi7s\gradle-9.6.0\lib\gradle-daemon-main-9.6.0.jar
Launcher Type: SUN_STANDARD

[Global flags]
     intx CICompilerCount                          = 4                                         {product} {ergonomic}
     uint ConcGCThreads                            = 2                                         {product} {ergonomic}
     uint G1ConcRefinementThreads                  = 8                                         {product} {ergonomic}
   size_t G1HeapRegionSize                         = 1048576                                   {product} {ergonomic}
   size_t InitialHeapSize                          = 54525952                                  {product} {ergonomic}
   size_t MarkStackSize                            = 4194304                                   {product} {ergonomic}
   size_t MarkStackSizeMax                         = 536870912                                 {product} {ergonomic}
   size_t MaxHeapSize                              = 2147483648                                {product} {command line}
   size_t MaxNewSize                               = 1287651328                                {product} {ergonomic}
   size_t MinHeapDeltaBytes                        = 1048576                                   {product} {ergonomic}
   size_t MinHeapSize                              = 8388608                                   {product} {ergonomic}
    uintx NonNMethodCodeHeapSize                   = 5898240                                {pd product} {ergonomic}
    uintx NonProfiledCodeHeapSize                  = 122945536                              {pd product} {ergonomic}
    uintx ProfiledCodeHeapSize                     = 122945536                              {pd product} {ergonomic}
    uintx ReservedCodeCacheSize                    = 251789312                              {pd product} {ergonomic}
     bool SegmentedCodeCache                       = true                                      {product} {ergonomic}
   size_t SoftMaxHeapSize                          = 2147483648                             {manageable} {ergonomic}
     bool UseCompressedOops                        = true                           {product lp64_product} {ergonomic}
     bool UseG1GC                                  = true                                      {product} {ergonomic}
     bool UseLargePagesIndividualAllocation        = false                                  {pd product} {ergonomic}

Logging:
Log output configuration:
 #0: stdout all=warning uptime,level,tags foldmultilines=false
 #1: stderr all=off uptime,level,tags foldmultilines=false

Release file:
JAVA_VERSION="25.0.3" 
MODULES="java.base java.compiler java.datatransfer java.xml java.prefs java.desktop java.instrument java.logging java.management java.security.sasl java.naming java.rmi java.management.rmi java.net.http java.scripting java.security.jgss java.transaction.xa java.sql java.sql.rowset java.xml.crypto java.se java.smartcardio jdk.accessibility jdk.internal.jvmstat jdk.attach jdk.charsets jdk.internal.opt jdk.zipfs jdk.compiler jdk.crypto.cryptoki jdk.crypto.ec jdk.dynalink jdk.hotspot.agent jdk.httpserver jdk.internal.ed jdk.internal.le jdk.internal.md jdk.internal.vm.ci jdk.jartool jdk.javadoc jdk.jcmd jdk.jdeps jdk.jdwp.agent jdk.jdi jdk.jfr jdk.jlink jdk.localedata jdk.management jdk.management.agent jdk.management.jfr jdk.naming.dns jdk.naming.rmi jdk.net jdk.sctp jdk.security.auth jdk.security.jgss jdk.unsupported jdk.unsupported.desktop jdk.xml.dom" 
IMPLEMENTOR="JetBrains s.r.o." 
JAVA_RUNTIME_VERSION="25.0.3+-15898627-b508.16" 
LIBC="default" 
OS_ARCH="x86_64" 
OS_NAME="Windows" 
SOURCE=".:git:a8b1dba3234f" 

Environment Variables:
PATH=C:\Program Files\Common Files\Oracle\Java\javapath;C:\WINDOWS\system32;C:\WINDOWS;C:\WINDOWS\System32\Wbem;C:\WINDOWS\System32\WindowsPowerShell\v1.0\;C:\WINDOWS\System32\OpenSSH\;C:\Program Files\Git\cmd;C:\Program Files\Microsoft SQL Server\170\Tools\Binn\;C:\Program Files\Microsoft SQL Server\Client SDK\ODBC\170\Tools\Binn\;C:\Program Files\dotnet\;C:\Program Files (x86)\Microsoft SQL Server\160\DTS\Binn\;C:\Users\user\AppData\Local\Microsoft\WindowsApps;C:\Users\user\AppData\Local\Programs\Microsoft VS Code\bin;C:\Users\user\.dotnet\tools;C:\Users\user\AppData\Local\GitHubDesktop\bin
USERNAME=user
OS=Windows_NT
PROCESSOR_IDENTIFIER=AMD64 Family 23 Model 160 Stepping 0, AuthenticAMD
TMP=C:\Users\user\AppData\Local\Temp
TEMP=C:\Users\user\AppData\Local\Temp




Compilation memory statistics disabled.

Periodic native trim disabled

JNI global refs:
JNI global refs: 22, weak refs: 0

JNI global refs memory usage: 835, weak refs: 201

Process memory usage:
Resident Set Size: 136008K (4% of 3396860K total physical memory with 642676K free physical memory)

OOME stack traces (most recent first):
Classloader memory used:
Loader org.gradle.internal.classloader.VisitableURLClassLoader                         : 47111 K
Loader org.gradle.internal.classloader.VisitableURLClassLoader$InstrumentingVisitableURLClassLoader: 41739 K
Loader bootstrap                                                                       : 28153 K
Loader org.gradle.internal.classloader.VisitableURLClassLoader                         : 16434 K
Loader org.gradle.initialization.MixInLegacyTypesClassLoader                           : 13872 K
Loader jdk.internal.loader.ClassLoaders$AppClassLoader                                 : 188 K
Loader jdk.internal.loader.ClassLoaders$PlatformClassLoader                            : 131 K
Loader org.gradle.groovy.scripts.internal.DefaultScriptCompilationHandler$ScriptClassLoader: 121 K

Classes loaded by more than one classloader:
Class com.google.common.collect.Iterators$9                                           : loaded 5 times (x 83B)
Class com.google.common.collect.ImmutableList                                         : loaded 5 times (x 208B)
Class com.google.common.collect.Lists                                                 : loaded 5 times (x 73B)
Class com.google.common.collect.ImmutableCollection                                   : loaded 5 times (x 127B)
Class com.google.common.collect.PeekingIterator                                       : loaded 5 times (x 72B)
Class com.google.common.base.Preconditions                                            : loaded 5 times (x 73B)
Class com.google.common.collect.Iterators$MergingIterator                             : loaded 5 times (x 83B)
Class com.google.common.collect.Iterators$5                                           : loaded 5 times (x 84B)
Class com.google.common.collect.Iterators$ArrayItr                                    : loaded 5 times (x 99B)
Class com.google.common.collect.Iterators$4                                           : loaded 5 times (x 84B)
Class com.google.common.collect.UnmodifiableIterator                                  : loaded 5 times (x 82B)
Class com.google.common.collect.Iterators$SingletonIterator                           : loaded 5 times (x 83B)
Class com.google.common.collect.Iterators$1                                           : loaded 5 times (x 83B)
Class com.google.common.collect.Iterators                                             : loaded 5 times (x 73B)
Class Program                                                                         : loaded 5 times (x 74B)
Class com.google.common.collect.Lists$StringAsImmutableList                           : loaded 5 times (x 209B)
Class com.google.common.collect.AbstractIterator                                      : loaded 5 times (x 84B)
Class com.google.common.collect.AbstractIndexedListIterator                           : loaded 5 times (x 98B)
Class com.google.common.collect.UnmodifiableListIterator                              : loaded 5 times (x 97B)
Class com.google.common.collect.ImmutableSet                                          : loaded 4 times (x 147B)
Class org.gradle.internal.Cast                                                        : loaded 4 times (x 73B)
Class com.google.common.base.CharMatcher$IsEither                                     : loaded 4 times (x 114B)
Class org.gradle.api.Action                                                           : loaded 4 times (x 72B)
Class com.google.common.base.CharMatcher$BitSetMatcher                                : loaded 4 times (x 115B)
Class com.google.common.base.CharMatcher$FastMatcher                                  : loaded 4 times (x 114B)
Class com.google.common.base.Predicate                                                : loaded 4 times (x 72B)
Class com.google.common.base.CharMatcher$NegatedFastMatcher                           : loaded 4 times (x 116B)
Class com.google.common.base.CharMatcher$And                                          : loaded 4 times (x 115B)
Class com.google.common.collect.SingletonImmutableList                                : loaded 4 times (x 209B)
Class org.gradle.api.GradleException                                                  : loaded 4 times (x 84B)
Class com.google.common.collect.ImmutableAsList                                       : loaded 4 times (x 211B)
Class com.google.common.collect.ImmutableList$ReverseImmutableList                    : loaded 4 times (x 209B)
Class com.google.common.collect.RegularImmutableAsList                                : loaded 4 times (x 219B)
Class com.google.common.collect.ImmutableList$Builder                                 : loaded 4 times (x 79B)
Class com.google.common.collect.SingletonImmutableSet                                 : loaded 4 times (x 148B)
Class com.google.common.collect.RegularImmutableList                                  : loaded 4 times (x 209B)
Class org.gradle.internal.IoActions                                                   : loaded 4 times (x 73B)
Class com.google.common.collect.ImmutableSet$RegularSetBuilderImpl                    : loaded 4 times (x 78B)
Class com.google.common.base.Joiner                                                   : loaded 4 times (x 82B)
Class com.google.common.base.Function                                                 : loaded 4 times (x 72B)
Class com.google.common.collect.ImmutableCollection$Builder                           : loaded 4 times (x 78B)
Class com.google.common.collect.RegularImmutableSet                                   : loaded 4 times (x 150B)
Class com.google.common.base.CharMatcher$ForPredicate                                 : loaded 4 times (x 115B)
Class com.google.common.base.CharMatcher$Negated                                      : loaded 4 times (x 116B)
Class com.google.common.collect.ImmutableList$1                                       : loaded 4 times (x 99B)
Class com.google.common.base.CharMatcher$Is                                           : loaded 4 times (x 114B)
Class com.google.common.base.CharMatcher$IsNot                                        : loaded 4 times (x 114B)
Class com.google.common.base.CharMatcher                                              : loaded 4 times (x 114B)
Class com.google.common.base.Joiner$1                                                 : loaded 4 times (x 83B)
Class com.google.common.base.CharMatcher$AnyOf                                        : loaded 4 times (x 115B)
Class com.google.common.base.CharMatcher$1                                            : loaded 4 times (x 116B)
Class com.google.common.base.CharMatcher$NamedFastMatcher                             : loaded 4 times (x 115B)
Class com.google.common.base.Joiner$2                                                 : loaded 4 times (x 82B)
Class com.google.common.base.CharMatcher$InRange                                      : loaded 4 times (x 114B)
Class com.google.common.collect.ImmutableSet$CachingAsList                            : loaded 4 times (x 150B)
Class com.google.common.collect.ImmutableSet$SetBuilderImpl                           : loaded 4 times (x 78B)
Class com.google.common.base.CharMatcher$Or                                           : loaded 4 times (x 115B)
Class com.google.common.collect.ImmutableList$SubList                                 : loaded 4 times (x 209B)
Class com.amazon.ion.IonCatalog                                                       : loaded 3 times (x 72B)
Class com.amazon.ion.system.IonSystemBuilder                                          : loaded 3 times (x 77B)
Class kotlin.ranges.IntProgression$Companion                                          : loaded 3 times (x 73B)
Class com.amazon.ion.impl._Private_IonWriterBase                                      : loaded 3 times (x 164B)
Class com.android.builder.model.v2.ide.AndroidArtifact                                : loaded 3 times (x 72B)
Class org.jetbrains.plugins.gradle.javaModel.JavaGradleManifestModel                  : loaded 3 times (x 72B)
Class io.opentelemetry.context.ContextStorageProvider                                 : loaded 3 times (x 72B)
Class org.jetbrains.plugins.gradle.model.UnresolvedExternalDependency                 : loaded 3 times (x 72B)
Class org.jetbrains.plugins.gradle.model.GradleExtensions                             : loaded 3 times (x 72B)
Class org.jetbrains.plugins.gradle.model.AnnotationProcessingModel                    : loaded 3 times (x 72B)
Class org.gradle.tooling.internal.adapter.TargetTypeProvider                          : loaded 3 times (x 72B)
Class org.gradle.tooling.model.gradle.ProjectPublications                             : loaded 3 times (x 72B)
Class org.gradle.tooling.internal.adapter.ProtocolToModelAdapter$MethodInvocationCache$MethodInvocationKey: loaded 3 times (x 75B)
Class com.intellij.gradle.toolingExtension.impl.model.taskModel.GradleTaskSerialisationService$Companion: loaded 3 times (x 73B)
Class org.jetbrains.plugins.gradle.tooling.serialization.GradleExtensionsSerializationService$WriteContext: loaded 3 times (x 74B)
Class kotlin.coroutines.jvm.internal.CoroutineStackFrame                              : loaded 3 times (x 72B)
Class kotlin.coroutines.intrinsics.IntrinsicsKt__IntrinsicsJvmKt                      : loaded 3 times (x 73B)
Class com.amazon.ion.system.IonBinaryWriterBuilder                                    : loaded 3 times (x 101B)
Class com.android.builder.model.v2.ide.AaptOptions$Namespacing                        : loaded 3 times (x 81B)
Class com.android.utils.FileUtils                                                     : loaded 3 times (x 73B)
Class com.google.common.collect.ForwardingObject                                      : loaded 3 times (x 74B)
Class com.android.utils.StringHelper                                                  : loaded 3 times (x 73B)
Class kotlin.jvm.internal.StringCompanionObject                                       : loaded 3 times (x 73B)
Class kotlin.sequences.TransformingSequence                                           : loaded 3 times (x 77B)
Class org.gradle.tooling.internal.adapter.MethodInvocation                            : loaded 3 times (x 87B)
Class kotlin.jvm.internal.Ref$BooleanRef                                              : loaded 3 times (x 73B)
Class io.opentelemetry.api.internal.OtelEncodingUtils                                 : loaded 3 times (x 73B)
Class org.gradle.internal.operations.MultipleBuildOperationFailures                   : loaded 3 times (x 97B)
Class com.amazon.ion.SymbolTable                                                      : loaded 3 times (x 72B)
Class org.gradle.util.GradleVersion                                                   : loaded 3 times (x 83B)
Class io.opentelemetry.api.trace.SpanContextKey                                       : loaded 3 times (x 73B)
Class kotlin.coroutines.jvm.internal.SuspendFunction                                  : loaded 3 times (x 72B)
Class kotlin.io.NoSuchFileException                                                   : loaded 3 times (x 84B)
Class com.android.builder.model.v2.ide.BasicArtifact                                  : loaded 3 times (x 72B)
Class com.amazon.ion.impl.lite.IonSymbolLite                                          : loaded 3 times (x 249B)
Class com.amazon.ion.impl.bin.IonManagedBinaryWriter$ImportedSymbolResolverMode$1     : loaded 3 times (x 82B)
Class com.amazon.ion.SubstituteSymbolTableException                                   : loaded 3 times (x 86B)
Class com.amazon.ion.impl.SymbolTokenImpl                                             : loaded 3 times (x 83B)
Class com.amazon.ion.IonText                                                          : loaded 3 times (x 72B)
Class com.intellij.util.containers.IntObjectHashMap$ArrayProducer                     : loaded 3 times (x 72B)
Class io.opentelemetry.api.GlobalOpenTelemetry                                        : loaded 3 times (x 73B)
Class org.jetbrains.kotlin.idea.gradleTooling.AndroidAwareGradleModelProvider$Companion: loaded 3 times (x 73B)
Class org.gradle.tooling.model.DomainObjectSet                                        : loaded 3 times (x 72B)
Class org.gradle.tooling.model.idea.IdeaProject                                       : loaded 3 times (x 72B)
Class org.gradle.tooling.internal.adapter.ProtocolToModelAdapter$ViewGraphDetails     : loaded 3 times (x 74B)
Class kotlin.coroutines.jvm.internal.SpillingKt                                       : loaded 3 times (x 73B)
Class kotlin.collections.CollectionsKt                                                : loaded 3 times (x 73B)
Class com.android.builder.model.v2.ide.LintOptions                                    : loaded 3 times (x 72B)
Class Build_gradle                                                                    : loaded 3 times (x 128B)
Class kotlin.jvm.internal.markers.KMappedMarker                                       : loaded 3 times (x 72B)
Class org.gradle.internal.time.Timer                                                  : loaded 3 times (x 72B)
Class com.android.builder.model.v2.ide.SourceSetContainer                             : loaded 3 times (x 72B)
Class com.amazon.ion.impl.bin.IonManagedBinaryWriter$ImportedSymbolResolverMode$2     : loaded 3 times (x 82B)
Class org.jetbrains.plugins.gradle.model.GradleExtension                              : loaded 3 times (x 72B)
Class com.google.common.collect.ReverseNaturalOrdering                                : loaded 3 times (x 116B)
Class kotlin.text.MatcherMatchResult$groupValues$1                                    : loaded 3 times (x 200B)
Class kotlin.sequences.SequencesKt___SequencesKt                                      : loaded 3 times (x 73B)
Class com.amazon.ion.IonBufferConfiguration$Builder                                   : loaded 3 times (x 80B)
Class io.opentelemetry.context.Scope                                                  : loaded 3 times (x 72B)
Class kotlin.collections.AbstractList$Companion                                       : loaded 3 times (x 73B)
Class com.amazon.ion.impl.lite.IonDecimalLite                                         : loaded 3 times (x 191B)
Class org.jetbrains.kotlin.idea.projectModel.KotlinTaskProperties                     : loaded 3 times (x 72B)
Class com.android.ide.gradle.model.GradlePluginModel                                  : loaded 3 times (x 72B)
Class org.gradle.tooling.model.build.JavaEnvironment                                  : loaded 3 times (x 72B)
Class com.android.builder.model.v2.models.VariantDependenciesFlatList                 : loaded 3 times (x 72B)
Class com.google.common.collect.Ordering                                              : loaded 3 times (x 116B)
Class [Lcom.android.ide.common.repository.AgpVersion$PreviewKind;                     : loaded 3 times (x 71B)
Class kotlin.sequences.SequencesKt___SequencesKt$flatMap$2                            : loaded 3 times (x 131B)
Class com.google.common.collect.ReverseOrdering                                       : loaded 3 times (x 117B)
Class org.jetbrains.plugins.gradle.tooling.serialization.internal.IdeaProjectSerializationService: loaded 3 times (x 79B)
Class com.android.builder.model.v2.ide.Edge                                           : loaded 3 times (x 72B)
Class com.amazon.ion.impl.bin.IonRawBinaryWriter$PreallocationMode$3                  : loaded 3 times (x 83B)
Class org.jetbrains.kotlin.idea.gradleTooling.PrepareKotlinIdeImportTaskModel         : loaded 3 times (x 72B)
Class org.gradle.tooling.model.HasGradleProject                                       : loaded 3 times (x 72B)
Class com.amazon.ion.impl.lite.IonSystemLite                                          : loaded 3 times (x 277B)
Class com.amazon.ion.util.InputStreamInterceptor                                      : loaded 3 times (x 72B)
Class com.amazon.ion.impl.bin.IonRawBinaryWriter$PreallocationMode                    : loaded 3 times (x 83B)
Class com.amazon.ion.impl.bin._Private_IonRawWriter                                   : loaded 3 times (x 72B)
Class com.amazon.ion.IonWriter                                                        : loaded 3 times (x 72B)
Class org.gradle.tooling.model.BuildableElement                                       : loaded 3 times (x 72B)
Class com.android.builder.model.v2.ide.VectorDrawablesOptions                         : loaded 3 times (x 72B)
Class com.intellij.gradle.toolingExtension.impl.model.utilTurnOffDefaultTasksModel.TurnOffDefaultTasks: loaded 3 times (x 72B)
Class com.amazon.ion.impl.bin.IonRawBinaryWriter$PreallocationMode$2                  : loaded 3 times (x 83B)
Class kotlin.text.StringsKt__AppendableKt                                             : loaded 3 times (x 73B)
Class com.google.common.collect.ImmutableRangeSet                                     : loaded 3 times (x 117B)
Class com.android.builder.model.v2.models.AndroidDsl                                  : loaded 3 times (x 72B)
Class com.amazon.ion.IonInt                                                           : loaded 3 times (x 72B)
Class kotlin.NoWhenBranchMatchedException                                             : loaded 3 times (x 84B)
Class org.gradle.tooling.internal.gradle.DefaultProjectIdentifier                     : loaded 3 times (x 88B)
Class org.jetbrains.kotlin.idea.gradleTooling.KotlinMPPGradleModel                    : loaded 3 times (x 72B)
Class io.opentelemetry.context.propagation.ContextPropagators                         : loaded 3 times (x 72B)
Class org.gradle.tooling.model.BuildIdentifier                                        : loaded 3 times (x 72B)
Class com.intellij.gradle.toolingExtension.impl.model.dependencyDownloadPolicyModel.GradleDependencyDownloadPolicy: loaded 3 times (x 72B)
Class com.android.ide.common.gradle.Numeric                                           : loaded 3 times (x 79B)
Class [Lcom.amazon.ion.impl.bin._Private_IonManagedBinaryWriterBuilder$AllocatorMode; : loaded 3 times (x 71B)
Class com.amazon.ion.impl.bin.IonRawBinaryWriter$PreallocationMode$1                  : loaded 3 times (x 83B)
Class com.amazon.ion.impl._Private_ValueFactory                                       : loaded 3 times (x 72B)
Class org.jetbrains.plugins.gradle.model.DependencyAccessorsModel                     : loaded 3 times (x 72B)
Class gnu.trove.TObjectIntHashMap                                                     : loaded 3 times (x 111B)
Class com.google.common.collect.ComparatorOrdering                                    : loaded 3 times (x 117B)
Class [Lcom.intellij.openapi.externalSystem.model.project.dependencies.ResolutionState;: loaded 3 times (x 71B)
Class com.intellij.gradle.toolingExtension.impl.model.buildScriptClasspathModel.GradleBuildScriptClasspathSerializationService$ReadContext: loaded 3 times (x 74B)
Class kotlin.jvm.internal.CallableReference$NoReceiver                                : loaded 3 times (x 73B)
Class com.google.common.collect.RangeSet                                              : loaded 3 times (x 72B)
Class kotlin.text.StringsKt__StringBuilderKt                                          : loaded 3 times (x 73B)
Class com.amazon.ion.impl.lite.IonNullLite                                            : loaded 3 times (x 178B)
Class org.jetbrains.plugins.gradle.tooling.serialization.AnnotationProcessingModelSerializationService: loaded 3 times (x 79B)
Class kotlin.collections.ArraysKt__ArraysJVMKt                                        : loaded 3 times (x 73B)
Class com.android.builder.model.v2.models.ProjectGraph                                : loaded 3 times (x 72B)
Class com.android.ide.common.repository.AgpVersion$PreviewKind                        : loaded 3 times (x 81B)
Class com.intellij.gradle.toolingExtension.impl.model.sourceSetModel.GradleSourceSetSerialisationService$SourceSetModelReadContext: loaded 3 times (x 74B)
Class com.android.ide.common.gradle.Version$Companion$ParseState$NUMERIC              : loaded 3 times (x 76B)
Class com.amazon.ion.impl.SharedSymbolTable                                           : loaded 3 times (x 95B)
Class com.amazon.ion.impl.bin.IonRawBinaryWriter                                      : loaded 3 times (x 170B)
Class com.amazon.ion.SymbolToken                                                      : loaded 3 times (x 72B)
Class io.opentelemetry.api.trace.TraceId                                              : loaded 3 times (x 73B)
Class [Lio.opentelemetry.api.trace.ImmutableTraceFlags;                               : loaded 3 times (x 71B)
Class com.amazon.ion.impl._Private_LocalSymbolTableFactory                            : loaded 3 times (x 72B)
Class kotlin.text.StringsKt__StringNumberConversionsJVMKt                             : loaded 3 times (x 73B)
Class com.amazon.ion.impl.bin.IonManagedBinaryWriter$ImportedSymbolResolverMode$1$1$1 : loaded 3 times (x 78B)
Class com.google.common.collect.NaturalOrdering                                       : loaded 3 times (x 117B)
Class com.amazon.ion.system.IonTextWriterBuilder                                      : loaded 3 times (x 99B)
Class kotlin.text.MatchResult                                                         : loaded 3 times (x 72B)
Class org.gradle.internal.time.Time                                                   : loaded 3 times (x 73B)
Class com.android.builder.model.v2.models.BasicAndroidProject                         : loaded 3 times (x 72B)
Class kotlin.sequences.SequenceScope                                                  : loaded 3 times (x 75B)
Class kotlin.sequences.Sequence                                                       : loaded 3 times (x 72B)
Class org.gradle.tooling.ToolingModelContract                                         : loaded 3 times (x 72B)
Class io.opentelemetry.api.trace.TraceFlags                                           : loaded 3 times (x 72B)
Class org.jetbrains.plugins.gradle.tooling.serialization.ExternalTestsSerializationService: loaded 3 times (x 79B)
Class kotlin.coroutines.EmptyCoroutineContext                                         : loaded 3 times (x 79B)
Class kotlin.collections.SetsKt__SetsKt                                               : loaded 3 times (x 73B)
Class com.google.common.collect.ByFunctionOrdering                                    : loaded 3 times (x 117B)
Class com.amazon.ion.impl.lite.IonBoolLite                                            : loaded 3 times (x 181B)
Class org.gradle.tooling.internal.adapter.ProtocolToModelAdapter$InvocationHandlerImpl: loaded 3 times (x 79B)
Class org.jetbrains.plugins.gradle.tooling.util.IntObjectMap$ObjectFactory            : loaded 3 times (x 72B)
Class com.android.builder.model.v2.dsl.DependenciesInfo                               : loaded 3 times (x 72B)
Class org.gradle.tooling.model.build.GradleEnvironment                                : loaded 3 times (x 72B)
Class kotlin.collections.CollectionsKt___CollectionsKt$asSequence$$inlined$Sequence$1 : loaded 3 times (x 77B)
Class com.amazon.ion.IonSequence                                                      : loaded 3 times (x 72B)
Class com.amazon.ion.IonLob                                                           : loaded 3 times (x 72B)
Class com.amazon.ion.IonBlob                                                          : loaded 3 times (x 72B)
Class org.gradle.tooling.model.HierarchicalElement                                    : loaded 3 times (x 72B)
Class io.opentelemetry.api.trace.PropagatedSpan                                       : loaded 3 times (x 114B)
Class com.intellij.gradle.toolingExtension.impl.model.projectModel.GradleExternalProjectSerializationService: loaded 3 times (x 79B)
Class kotlin.collections.ArraysKt                                                     : loaded 3 times (x 73B)
Class kotlin.collections.ArrayDeque$Companion                                         : loaded 3 times (x 73B)
Class org.jetbrains.kotlin.idea.gradleTooling.model.kapt.KaptGradleModel              : loaded 3 times (x 72B)
Class org.jetbrains.plugins.gradle.model.ClasspathEntryModel                          : loaded 3 times (x 72B)
Class org.jetbrains.kotlin.idea.gradleTooling.KotlinDslScriptAdditionalTask           : loaded 3 times (x 72B)
Class kotlin.ranges.IntProgressionIterator                                            : loaded 3 times (x 84B)
Class kotlin.text.CharsKt__CharKt                                                     : loaded 3 times (x 73B)
Class com.android.builder.model.v2.ide.ProjectInfo                                    : loaded 3 times (x 72B)
Class com.amazon.ion.IonTimestamp                                                     : loaded 3 times (x 72B)
Class com.amazon.ion.impl.bin.PooledBlockAllocatorProvider$PooledBlockAllocator       : loaded 3 times (x 83B)
Class com.amazon.ion.impl._Private_IonBinaryWriterBuilder$Mutable                     : loaded 3 times (x 117B)
Class org.gradle.api.JavaVersion                                                      : loaded 3 times (x 81B)
Class org.jetbrains.plugins.gradle.model.tests.ExternalTestsModel                     : loaded 3 times (x 72B)
Class org.gradle.internal.exceptions.DefaultMultiCauseException                       : loaded 3 times (x 97B)
Class org.jetbrains.plugins.gradle.tooling.serialization.GradleExtensionsSerializationService: loaded 3 times (x 79B)
Class com.intellij.platform.diagnostic.telemetry.rt.context.TelemetryContextGetter    : loaded 3 times (x 77B)
Class org.gradle.tooling.model.Dependency                                             : loaded 3 times (x 72B)
Class io.opentelemetry.api.OpenTelemetry                                              : loaded 3 times (x 72B)
Class org.gradle.tooling.internal.adapter.WeakIdentityHashMap$WeakKey                 : loaded 3 times (x 82B)
Class org.gradle.tooling.internal.adapter.ProtocolToModelAdapter$SafeMethodInvoker    : loaded 3 times (x 78B)
Class com.amazon.ion.impl.bin.IonManagedBinaryWriter$ImportedSymbolResolverMode$1$1   : loaded 3 times (x 80B)
Class com.amazon.ion.impl._Private_ByteTransferSink                                   : loaded 3 times (x 72B)
Class org.gradle.tooling.model.idea.IdeaLanguageLevel                                 : loaded 3 times (x 72B)
Class kotlin.ranges.RangesKt___RangesKt                                               : loaded 3 times (x 73B)
Class com.android.ide.common.repository.AgpVersion$Companion$WhenMappings             : loaded 3 times (x 73B)
Class com.android.builder.model.v2.models.VariantDependenciesAdjacencyList            : loaded 3 times (x 72B)
Class kotlin.text.StringsKt__RegexExtensionsJVMKt                                     : loaded 3 times (x 73B)
Class com.android.builder.model.v2.ide.AbstractArtifact                               : loaded 3 times (x 72B)
Class com.android.builder.model.v2.dsl.BuildType                                      : loaded 3 times (x 72B)
Class com.google.common.collect.AllEqualOrdering                                      : loaded 3 times (x 116B)
Class kotlin.collections.ArraysKt___ArraysJvmKt                                       : loaded 3 times (x 73B)
Class kotlin.collections.CollectionsKt__CollectionsKt                                 : loaded 3 times (x 73B)
Class com.amazon.ion.IonDecimal                                                       : loaded 3 times (x 72B)
Class com.intellij.openapi.externalSystem.model.project.dependencies.ResolutionState  : loaded 3 times (x 81B)
Class kotlin.KotlinNullPointerException                                               : loaded 3 times (x 84B)
Class kotlin.sequences.SequenceBuilderIterator                                        : loaded 3 times (x 87B)
Class kotlin.ranges.OpenEndRange                                                      : loaded 3 times (x 72B)
Class com.android.ide.common.gradle.Version$Companion$ParseState$EMPTY                : loaded 3 times (x 76B)
Class kotlin.text.Regex$Companion                                                     : loaded 3 times (x 73B)
Class org.jetbrains.plugins.gradle.model.GradleConfiguration                          : loaded 3 times (x 72B)
Class com.amazon.ion.BufferConfiguration$OversizedValueHandler                        : loaded 3 times (x 72B)
Class org.jetbrains.plugins.gradle.model.ExternalLibraryDependency                    : loaded 3 times (x 72B)
Class com.amazon.ion.impl._Private_IonSystem                                          : loaded 3 times (x 72B)
Class io.opentelemetry.api.trace.Span                                                 : loaded 3 times (x 72B)
Class org.gradle.tooling.model.gradle.GradleBuild                                     : loaded 3 times (x 72B)
Class org.gradle.tooling.model.ProjectModel                                           : loaded 3 times (x 72B)
Class com.intellij.gradle.toolingExtension.impl.model.dependencyModel.DependencyWriteContext: loaded 3 times (x 74B)
Class com.amazon.ion.IonValue                                                         : loaded 3 times (x 72B)
Class com.intellij.gradle.toolingExtension.impl.model.projectModel.GradleExternalProjectSerializationService$ReadContext: loaded 3 times (x 75B)
Class kotlin.collections.CollectionsKt__IterablesKt                                   : loaded 3 times (x 73B)
Class kotlin.coroutines.intrinsics.CoroutineSingletons                                : loaded 3 times (x 81B)
Class kotlin.collections.MapsKt                                                       : loaded 3 times (x 73B)
Class kotlin.jvm.internal.Intrinsics                                                  : loaded 3 times (x 73B)
Class kotlin.coroutines.CoroutineContext                                              : loaded 3 times (x 72B)
Class kotlin.coroutines.jvm.internal.DebugProbesKt                                    : loaded 3 times (x 73B)
Class com.google.common.collect.ImmutableRangeSet$AsSet                               : loaded 3 times (x 302B)
Class kotlin.jvm.internal.FunctionReference                                           : loaded 3 times (x 128B)
Class org.gradle.internal.time.CountdownTimer                                         : loaded 3 times (x 72B)
Class [Lkotlin.coroutines.intrinsics.CoroutineSingletons;                             : loaded 3 times (x 71B)
Class kotlin.jvm.internal.FunctionBase                                                : loaded 3 times (x 72B)
Class org.gradle.internal.exceptions.MultiCauseException                              : loaded 3 times (x 72B)
Class kotlin.enums.EnumEntriesList                                                    : loaded 3 times (x 225B)
Class kotlin.coroutines.intrinsics.IntrinsicsKt                                       : loaded 3 times (x 73B)
Class kotlin.jvm.internal.markers.KMutableCollection                                  : loaded 3 times (x 72B)
Class kotlin.reflect.KAnnotatedElement                                                : loaded 3 times (x 72B)
Class kotlin.collections.EmptyMap                                                     : loaded 3 times (x 110B)
Class com.amazon.ion.impl._Private_IonTextWriterBuilder$Mutable                       : loaded 3 times (x 103B)
Class kotlin.text.MatcherMatchResult$groups$1                                         : loaded 3 times (x 153B)
Class com.android.builder.model.v2.ide.TestedTargetVariant                            : loaded 3 times (x 72B)
Class kotlin.comparisons.ComparisonsKt___ComparisonsJvmKt                             : loaded 3 times (x 73B)
Class kotlin.ranges.IntRange$Companion                                                : loaded 3 times (x 73B)
Class com.amazon.ion.impl._Private_Utils                                              : loaded 3 times (x 73B)
Class com.intellij.gradle.toolingExtension.impl.model.sourceSetModel.GradleSourceSetSerialisationService$SourceSetModelWriteContext: loaded 3 times (x 74B)
Class com.intellij.gradle.toolingExtension.model.repositoryModel.ProjectRepositoriesModel: loaded 3 times (x 72B)
Class kotlin.collections.CollectionsKt__IteratorsJVMKt                                : loaded 3 times (x 73B)
Class io.opentelemetry.context.propagation.NoopTextMapPropagator                      : loaded 3 times (x 78B)
Class gnu.trove.TObjectCanonicalHashingStrategy                                       : loaded 3 times (x 80B)
Class org.jetbrains.plugins.gradle.model.GradleProperty                               : loaded 3 times (x 72B)
Class com.android.builder.model.v2.models.VariantDependencies                         : loaded 3 times (x 72B)
Class com.google.common.collect.ImmutableRangeSet$ComplementRanges                    : loaded 3 times (x 209B)
Class com.amazon.ion.IonException                                                     : loaded 3 times (x 86B)
Class org.jetbrains.kotlin.tooling.core.HasMutableExtras                              : loaded 3 times (x 72B)
Class kotlin.enums.EnumEntriesKt                                                      : loaded 3 times (x 73B)
Class com.amazon.ion.util.GzipStreamInterceptor                                       : loaded 3 times (x 87B)
Class kotlin.collections.CollectionsKt__MutableCollectionsJVMKt                       : loaded 3 times (x 73B)
Class com.google.common.collect.NullsLastOrdering                                     : loaded 3 times (x 117B)
Class kotlin.text.StringsKt___StringsKt                                               : loaded 3 times (x 73B)
Class com.android.builder.model.v2.ide.TestInfo$Execution                             : loaded 3 times (x 81B)
Class [Lcom.android.ide.common.gradle.Separator;                                      : loaded 3 times (x 71B)
Class io.opentelemetry.api.internal.ImmutableSpanContext                              : loaded 3 times (x 93B)
Class com.amazon.ion.IonBool                                                          : loaded 3 times (x 72B)
Class org.gradle.tooling.internal.adapter.ProtocolToModelAdapter$ReflectionMethodInvoker: loaded 3 times (x 78B)
Class kotlin.Result                                                                   : loaded 3 times (x 74B)
Class io.opentelemetry.context.ContextStorageWrappers                                 : loaded 3 times (x 73B)
Class io.opentelemetry.context.propagation.DefaultContextPropagators                  : loaded 3 times (x 77B)
Class gnu.trove.TObjectHashingStrategy                                                : loaded 3 times (x 72B)
Class org.jetbrains.plugins.gradle.model.IntelliJSettings                             : loaded 3 times (x 72B)
Class org.jetbrains.kotlin.idea.gradleTooling.KotlinSourceSetContainer                : loaded 3 times (x 72B)
Class kotlin.collections.MapsKt__MapWithDefaultKt                                     : loaded 3 times (x 73B)
Class com.amazon.ion.IonNumber                                                        : loaded 3 times (x 72B)
Class com.amazon.ion.impl.lite.IonTextLite                                            : loaded 3 times (x 184B)
Class io.opentelemetry.context.LazyStorage                                            : loaded 3 times (x 73B)
Class org.jetbrains.plugins.gradle.tooling.ModelBuilderService$Parameter              : loaded 3 times (x 72B)
Class com.amazon.ion.impl.IonWriterSystem                                             : loaded 3 times (x 172B)
Class com.amazon.ion.impl.bin.Symbols$2                                               : loaded 3 times (x 109B)
Class com.amazon.ion.impl.bin._Private_IonManagedWriter                               : loaded 3 times (x 72B)
Class kotlin.collections.ArraysKt___ArraysKt                                          : loaded 3 times (x 73B)
Class com.android.ide.gradle.model.GradlePropertiesModel                              : loaded 3 times (x 72B)
Class org.gradle.tooling.internal.adapter.WeakIdentityHashMap                         : loaded 3 times (x 78B)
Class kotlin.sequences.TransformingSequence$iterator$1                                : loaded 3 times (x 81B)
Class kotlin.Pair                                                                     : loaded 3 times (x 74B)
Class com.intellij.gradle.toolingExtension.util.GradleVersionUtil                     : loaded 3 times (x 73B)
Class org.gradle.tooling.internal.adapter.ProtocolToModelAdapter$SupportedPropertyInvoker: loaded 3 times (x 78B)
Class org.gradle.tooling.model.UnsupportedMethodException                             : loaded 3 times (x 84B)
Class kotlin.collections.MapsKt___MapsKt                                              : loaded 3 times (x 73B)
Class com.android.builder.model.v2.models.Versions$Version                            : loaded 3 times (x 72B)
Class kotlin.io.FilesKt                                                               : loaded 3 times (x 73B)
Class com.amazon.ion.IonClob                                                          : loaded 3 times (x 72B)
Class org.jetbrains.plugins.gradle.model.AnnotationProcessingConfig                   : loaded 3 times (x 72B)
Class org.gradle.tooling.model.eclipse.HierarchicalEclipseProject                     : loaded 3 times (x 72B)
Class com.amazon.ion.IonBufferConfiguration$OversizedSymbolTableHandler               : loaded 3 times (x 72B)
Class com.amazon.ion.facet.Faceted                                                    : loaded 3 times (x 72B)
Class com.amazon.ion.system.IonWriterBuilder                                          : loaded 3 times (x 76B)
Class org.jetbrains.plugins.gradle.tooling.serialization.ToolingStreamApiUtils        : loaded 3 times (x 73B)
Class com.android.builder.model.v2.ide.BytecodeTransformation                         : loaded 3 times (x 81B)
Class org.gradle.tooling.GradleConnectionException                                    : loaded 3 times (x 85B)
Class kotlin.collections.CollectionsKt__MutableCollectionsKt                          : loaded 3 times (x 73B)
Class io.opentelemetry.api.trace.TraceState                                           : loaded 3 times (x 72B)
Class gnu.trove.Equality                                                              : loaded 3 times (x 72B)
Class kotlin.annotation.Retention                                                     : loaded 3 times (x 72B)
Class kotlin.reflect.KDeclarationContainer                                            : loaded 3 times (x 72B)
Class com.amazon.ion.IonSymbol                                                        : loaded 3 times (x 72B)
Class com.android.builder.model.v2.ide.ApiVersion                                     : loaded 3 times (x 72B)
Class kotlin.text.StringsKt___StringsJvmKt                                            : loaded 3 times (x 73B)
Class com.android.builder.model.v2.ide.AndroidLibraryData                             : loaded 3 times (x 72B)
Class kotlin.io.TerminateException                                                    : loaded 3 times (x 84B)
Class kotlin.io.FilesKt__FilePathComponentsKt                                         : loaded 3 times (x 73B)
Class com.android.builder.model.v2.ide.CodeShrinker                                   : loaded 3 times (x 81B)
Class org.gradle.tooling.internal.adapter.ProtocolToModelAdapter$1                    : loaded 3 times (x 77B)
Class com.google.common.collect.ImmutableRangeSet$1                                   : loaded 3 times (x 212B)
Class kotlin.reflect.KCallable                                                        : loaded 3 times (x 72B)
Class org.jetbrains.plugins.gradle.tooling.serialization.AnnotationProcessingModelSerializationService$WriteContext: loaded 3 times (x 74B)
Class io.opentelemetry.api.trace.SpanContext                                          : loaded 3 times (x 72B)
Class io.opentelemetry.api.trace.DefaultTracer$NoopSpanBuilder                        : loaded 3 times (x 93B)
Class com.android.ide.common.gradle.Version                                           : loaded 3 times (x 77B)
Class com.amazon.ion.system.IonReaderBuilder                                          : loaded 3 times (x 97B)
Class com.amazon.ion.IonReader                                                        : loaded 3 times (x 72B)
Class com.amazon.ion.impl._Private_ReaderWriter                                       : loaded 3 times (x 72B)
Class com.amazon.ion.impl.bin.AbstractSymbolTable                                     : loaded 3 times (x 109B)
Class com.amazon.ion.Decimal                                                          : loaded 3 times (x 136B)
Class com.amazon.ion.impl.bin._Private_IonManagedBinaryWriterBuilder$AllocatorMode$1  : loaded 3 times (x 82B)
Class org.gradle.tooling.internal.adapter.ViewBuilder                                 : loaded 3 times (x 72B)
Class kotlin.text.CharsKt                                                             : loaded 3 times (x 73B)
Class com.intellij.gradle.toolingExtension.impl.model.sourceSetModel.GradleSourceSetSerialisationService$Companion: loaded 3 times (x 73B)
Class com.google.common.collect.Range                                                 : loaded 3 times (x 88B)
Class org.gradle.tooling.model.idea.IdeaModuleDependency                              : loaded 3 times (x 72B)
Class org.gradle.tooling.model.kotlin.dsl.KotlinDslScriptModel                        : loaded 3 times (x 72B)
Class com.intellij.gradle.toolingExtension.impl.util.collectionUtil.GradleCollections : loaded 3 times (x 73B)
Class org.jetbrains.plugins.gradle.tooling.serialization.ProjectDependenciesSerializationService$WriteContext: loaded 3 times (x 74B)
Class org.jetbrains.plugins.gradle.tooling.serialization.ProjectDependenciesSerializationService: loaded 3 times (x 79B)
Class org.gradle.tooling.internal.adapter.CollectionMapper                            : loaded 3 times (x 75B)
Class com.intellij.compose.ide.plugin.gradleTooling.rt.ComposeResourcesModel          : loaded 3 times (x 72B)
Class kotlin.collections.CollectionsKt__ReversedViewsKt                               : loaded 3 times (x 73B)
Class org.gradle.internal.exceptions.NonGradleCauseExceptionsHolder                   : loaded 3 times (x 72B)
Class kotlin.sequences.SequencesKt__SequenceBuilderKt                                 : loaded 3 times (x 73B)
Class com.amazon.ion.impl.lite.IonFloatLite                                           : loaded 3 times (x 189B)
Class com.amazon.ion.impl._Private_IonTextWriterBuilder                               : loaded 3 times (x 103B)
Class com.amazon.ion.impl.bin._Private_IonManagedBinaryWriterBuilder$AllocatorMode$2  : loaded 3 times (x 82B)
Class [Lcom.android.builder.model.v2.ide.LibraryType;                                 : loaded 3 times (x 71B)
Class com.android.builder.model.v2.ide.LibraryType                                    : loaded 3 times (x 81B)
Class io.opentelemetry.api.trace.AutoValue_ArrayBasedTraceState                       : loaded 3 times (x 89B)
Class kotlin.io.FilesKt__FileTreeWalkKt                                               : loaded 3 times (x 73B)
Class com.google.common.collect.ExplicitOrdering                                      : loaded 3 times (x 117B)
Class org.jetbrains.plugins.gradle.tooling.util.ObjectCollector$Processor             : loaded 3 times (x 72B)
Class gnu.trove.TObjectHash                                                           : loaded 3 times (x 96B)
Class io.opentelemetry.api.trace.DefaultTracerProvider                                : loaded 3 times (x 81B)
Class kotlin.collections.CollectionsKt___CollectionsKt                                : loaded 3 times (x 73B)
Class kotlin.annotation.Target                                                        : loaded 3 times (x 72B)
Class kotlin.collections.EmptySet                                                     : loaded 3 times (x 124B)
Class kotlin.jvm.functions.Function4                                                  : loaded 3 times (x 72B)
Class com.amazon.ion.impl._Private_IonReaderBuilder                                   : loaded 3 times (x 99B)
Class com.amazon.ion.IonMutableCatalog                                                : loaded 3 times (x 72B)
Class com.amazon.ion.impl.bin.AbstractIonWriter                                       : loaded 3 times (x 162B)
Class org.gradle.tooling.internal.adapter.WeakIdentityHashMap$AbsentValueProvider     : loaded 3 times (x 72B)
Class io.opentelemetry.api.trace.TracerProvider                                       : loaded 3 times (x 72B)
Class com.android.ide.gradle.model.dependencies.Coordinates                           : loaded 3 times (x 72B)
Class org.jetbrains.plugins.gradle.ExternalDependencyId                               : loaded 3 times (x 72B)
Class kotlin.collections.MapsKt___MapsJvmKt                                           : loaded 3 times (x 73B)
Class gnu.trove.THash                                                                 : loaded 3 times (x 83B)
Class com.intellij.gradle.toolingExtension.impl.model.buildScriptClasspathModel.GradleBuildScriptClasspathSerializationService$WriteContext: loaded 3 times (x 74B)
Class org.gradle.tooling.internal.adapter.ProtocolToModelAdapter                      : loaded 3 times (x 82B)
Class com.google.common.collect.AbstractRangeSet                                      : loaded 3 times (x 116B)
Class kotlin.jvm.internal.CollectionToArray                                           : loaded 3 times (x 73B)
Class com.android.ide.common.gradle.Separator                                         : loaded 3 times (x 81B)
Class com.android.builder.model.v2.ide.AndroidGradlePluginProjectFlags$BooleanFlag    : loaded 3 times (x 81B)
Class kotlin.collections.MapsKt__MapsJVMKt                                            : loaded 3 times (x 73B)
Class kotlin.collections.EmptyList                                                    : loaded 3 times (x 176B)
Class org.gradle.tooling.internal.adapter.ProtocolToModelAdapter$ViewDecoration       : loaded 3 times (x 72B)
Class [Lio.opentelemetry.context.ThreadLocalContextStorage$NoopScope;                 : loaded 3 times (x 71B)
Class io.opentelemetry.context.ThreadLocalContextStorage$NoopScope                    : loaded 3 times (x 87B)
Class org.gradle.internal.time.DefaultTimer                                           : loaded 3 times (x 82B)
Class com.amazon.ion.impl.SymbolTableAsStruct                                         : loaded 3 times (x 72B)
Class com.amazon.ion.impl._Private_Utils$1                                            : loaded 3 times (x 100B)
Class io.opentelemetry.api.trace.ArrayBasedTraceStateBuilder                          : loaded 3 times (x 79B)
Class org.jetbrains.plugins.gradle.model.GradleSourceSetModel                         : loaded 3 times (x 72B)
Class com.amazon.ion.impl.lite.IonStringLite                                          : loaded 3 times (x 215B)
Class com.intellij.gradle.toolingExtension.impl.model.sourceSetDependencyModel.GradleSourceSetDependencySerialisationService: loaded 3 times (x 79B)
Class org.jetbrains.plugins.gradle.tooling.serialization.internal.IdeaProjectSerializationService$WriteContext: loaded 3 times (x 74B)
Class kotlin.jvm.functions.Function2                                                  : loaded 3 times (x 72B)
Class com.google.common.collect.LexicographicalOrdering                               : loaded 3 times (x 117B)
Class kotlin.KotlinNothingValueException                                              : loaded 3 times (x 84B)
Class com.android.builder.model.v2.models.ndk.NativeModelBuilderParameter             : loaded 3 times (x 72B)
Class org.gradle.tooling.internal.adapter.ProtocolToModelAdapter$ViewKey              : loaded 3 times (x 74B)
Class io.opentelemetry.context.ImplicitContextKeyed                                   : loaded 3 times (x 72B)
Class com.google.common.base.Objects                                                  : loaded 3 times (x 73B)
Class com.amazon.ion.impl.bin.BlockAllocatorProvider                                  : loaded 3 times (x 74B)
Class kotlin.jvm.functions.Function1                                                  : loaded 3 times (x 72B)
Class kotlin.collections.AbstractMutableList                                          : loaded 3 times (x 208B)
Class com.android.builder.model.v2.ide.AaptOptions                                    : loaded 3 times (x 72B)
Class [Lcom.android.builder.model.v2.ide.BytecodeTransformation;                      : loaded 3 times (x 71B)
Class com.android.ide.common.gradle.Version$Companion                                 : loaded 3 times (x 73B)
Class kotlin.sequences.FilteringSequence$iterator$1                                   : loaded 3 times (x 81B)
Class com.amazon.ion.impl.bin.AbstractIonWriter$WriteValueOptimization                : loaded 3 times (x 81B)
Class com.android.builder.model.v2.CustomSourceDirectory                              : loaded 3 times (x 72B)
Class org.jetbrains.plugins.gradle.tooling.serialization.GradleExtensionsSerializationService$ReadContext: loaded 3 times (x 74B)
Class com.google.common.collect.NullsFirstOrdering                                    : loaded 3 times (x 117B)
Class com.android.ide.common.repository.AgpVersion                                    : loaded 3 times (x 77B)
Class kotlin.jvm.internal.KotlinGenericDeclaration                                    : loaded 3 times (x 72B)
Class org.gradle.tooling.model.idea.IdeaDependency                                    : loaded 3 times (x 72B)
Class kotlin.ResultKt                                                                 : loaded 3 times (x 73B)
Class org.gradle.tooling.model.eclipse.EclipseProject                                 : loaded 3 times (x 72B)
Class org.gradle.tooling.internal.adapter.ProtocolToModelAdapter$PropertyCachingMethodInvoker: loaded 3 times (x 78B)
Class io.opentelemetry.context.DefaultContextKey                                      : loaded 3 times (x 74B)
Class io.opentelemetry.api.trace.DefaultTracer                                        : loaded 3 times (x 76B)
Class com.amazon.ion.impl._Private_IonValue                                           : loaded 3 times (x 72B)
Class org.jetbrains.plugins.gradle.tooling.serialization.ExternalTestsSerializationService$ReadContext: loaded 3 times (x 74B)
Class com.amazon.ion.impl.IonWriterSystemText                                         : loaded 3 times (x 191B)
Class [Lcom.amazon.ion.impl.bin.IonManagedBinaryWriter$ImportedSymbolResolverMode;    : loaded 3 times (x 71B)
Class com.amazon.ion.ValueFactory                                                     : loaded 3 times (x 72B)
Class kotlin.collections.ArraysUtilJVM                                                : loaded 3 times (x 73B)
Class org.gradle.tooling.internal.adapter.MethodInvoker                               : loaded 3 times (x 72B)
Class com.android.builder.model.v2.models.ProjectSyncIssues                           : loaded 3 times (x 72B)
Class kotlin.collections.ArraysKt__ArraysKt                                           : loaded 3 times (x 73B)
Class org.jetbrains.plugins.gradle.model.ExternalTask                                 : loaded 3 times (x 72B)
Class kotlin.Result$Failure                                                           : loaded 3 times (x 74B)
Class io.opentelemetry.api.internal.IncubatingUtil                                    : loaded 3 times (x 73B)
Class io.opentelemetry.api.GlobalOpenTelemetry$ObfuscatedOpenTelemetry                : loaded 3 times (x 94B)
Class org.gradle.internal.time.DefaultCountdownTimer                                  : loaded 3 times (x 90B)
Class kotlin.jvm.functions.Function0                                                  : loaded 3 times (x 72B)
Class com.intellij.openapi.externalSystem.model.ExternalSystemException               : loaded 3 times (x 87B)
Class kotlin.sequences.FlatteningSequence$iterator$1                                  : loaded 3 times (x 81B)
Class com.android.ide.common.repository.AgpVersion$Companion                          : loaded 3 times (x 73B)
Class com.amazon.ion.impl.BlockedBuffer$BufferedOutputStream                          : loaded 3 times (x 92B)
Class com.amazon.ion.impl.bin.IonBinaryWriterAdapter$Factory                          : loaded 3 times (x 72B)
Class [Lcom.amazon.ion.SymbolTable;                                                   : loaded 3 times (x 71B)
Class io.opentelemetry.context.propagation.TextMapSetter                              : loaded 3 times (x 72B)
Class io.opentelemetry.context.ContextKey                                             : loaded 3 times (x 72B)
Class com.amazon.ion.impl.bin.IonManagedBinaryWriter$SymbolResolver                   : loaded 3 times (x 72B)
Class com.amazon.ion.impl._Private_SymbolToken                                        : loaded 3 times (x 72B)
Class com.amazon.ion.impl.bin._Private_IonManagedBinaryWriterBuilder$AllocatorMode    : loaded 3 times (x 82B)
Class io.opentelemetry.api.trace.ArrayBasedTraceState                                 : loaded 3 times (x 88B)
Class org.gradle.tooling.internal.adapter.ProtocolToModelAdapter$ViewGraphDetails$1   : loaded 3 times (x 79B)
Class kotlin.collections.SetsKt__SetsJVMKt                                            : loaded 3 times (x 73B)
Class kotlin.Function                                                                 : loaded 3 times (x 72B)
Class org.jetbrains.plugins.gradle.model.GradleTaskModel                              : loaded 3 times (x 72B)
Class org.jetbrains.plugins.gradle.tooling.util.ObjectCollector                       : loaded 3 times (x 74B)
Class org.gradle.tooling.internal.adapter.ProtocolToModelAdapter$AdaptingMethodInvoker: loaded 3 times (x 78B)
Class org.gradle.tooling.internal.gradle.DefaultBuildIdentifier                       : loaded 3 times (x 81B)
Class kotlin.ranges.RangesKt                                                          : loaded 3 times (x 73B)
Class [Lcom.android.builder.model.v2.ide.AaptOptions$Namespacing;                     : loaded 3 times (x 71B)
Class com.android.ide.common.gradle.Version$Companion$ParseState                      : loaded 3 times (x 72B)
Class [Lcom.amazon.ion.util.GzipStreamInterceptor;                                    : loaded 3 times (x 71B)
Class com.amazon.ion.impl._Private_IonReaderBuilder$Mutable                           : loaded 3 times (x 99B)
Class io.opentelemetry.api.trace.Tracer                                               : loaded 3 times (x 72B)
Class org.gradle.tooling.internal.adapter.ProtocolToModelAdapter$DefaultViewBuilder   : loaded 3 times (x 82B)
Class kotlin.io.FileAlreadyExistsException                                            : loaded 3 times (x 84B)
Class kotlin.internal.ProgressionUtilKt                                               : loaded 3 times (x 73B)
Class kotlin.sequences.SequencesKt___SequencesJvmKt                                   : loaded 3 times (x 73B)
Class kotlin.Unit                                                                     : loaded 3 times (x 73B)
Class com.intellij.openapi.externalSystem.model.project.IExternalSystemSourceType     : loaded 3 times (x 72B)
Class kotlin.jvm.internal.markers.KMutableIterable                                    : loaded 3 times (x 72B)
Class kotlin.TuplesKt                                                                 : loaded 3 times (x 73B)
Class [Lcom.android.builder.model.v2.ide.ProjectType;                                 : loaded 3 times (x 71B)
Class com.amazon.ion.IonSexp                                                          : loaded 3 times (x 72B)
Class com.amazon.ion.system.IonWriterBuilderBase                                      : loaded 3 times (x 85B)
Class kotlin.collections.CollectionsKt___CollectionsJvmKt                             : loaded 3 times (x 73B)
Class kotlin.jvm.internal.FunctionReferenceImpl                                       : loaded 3 times (x 128B)
Class com.amazon.ion.impl.bin.BlockAllocator                                          : loaded 3 times (x 82B)
Class com.amazon.ion.impl.IonWriterSystemTextMarkup                                   : loaded 3 times (x 193B)
Class [Lio.opentelemetry.context.ThreadLocalContextStorage;                           : loaded 3 times (x 71B)
Class com.amazon.ion.ReadOnlyValueException                                           : loaded 3 times (x 86B)
Class org.jetbrains.plugins.gradle.tooling.serialization.ProjectDependenciesSerializationService$ReadContext: loaded 3 times (x 74B)
Class io.opentelemetry.api.trace.TraceStateBuilder                                    : loaded 3 times (x 72B)
Class com.intellij.openapi.externalSystem.model.project.dependencies.ProjectDependencies: loaded 3 times (x 72B)
Class com.amazon.ion.impl._Private_LocalSymbolTable                                   : loaded 3 times (x 72B)
Class org.gradle.util.internal.DefaultGradleVersion                                   : loaded 3 times (x 84B)
Class org.jetbrains.plugins.gradle.model.GradleBuildScriptClasspathModel              : loaded 3 times (x 72B)
Class kotlin.Result$Companion                                                         : loaded 3 times (x 73B)
Class kotlin.coroutines.jvm.internal.BaseContinuationImpl                             : loaded 3 times (x 89B)
Class com.android.builder.model.v2.ide.SourceProvider                                 : loaded 3 times (x 72B)
Class com.android.builder.model.v2.ide.BundleInfo                                     : loaded 3 times (x 72B)
Class kotlin.comparisons.ComparisonsKt___ComparisonsKt                                : loaded 3 times (x 73B)
Class kotlin.comparisons.ComparisonsKt                                                : loaded 3 times (x 73B)
Class com.amazon.ion.IonBufferConfiguration                                           : loaded 3 times (x 74B)
Class com.amazon.ion.impl.bin.Symbols                                                 : loaded 3 times (x 73B)
Class kotlin.text.CharsKt__CharJVMKt                                                  : loaded 3 times (x 73B)
Class com.android.ide.gradle.model.artifacts.AdditionalClassifierArtifactsModel       : loaded 3 times (x 72B)
Class kotlin.sequences.FilteringSequence                                              : loaded 3 times (x 77B)
Class com.amazon.ion.IonStruct                                                        : loaded 3 times (x 72B)
Class org.jetbrains.plugins.gradle.tooling.serialization.RepositoriesModelSerializationService: loaded 3 times (x 84B)
Class org.gradle.tooling.internal.gradle.GradleProjectIdentity                        : loaded 3 times (x 72B)
Class io.opentelemetry.api.trace.SpanId                                               : loaded 3 times (x 73B)
Class kotlin.coroutines.Continuation                                                  : loaded 3 times (x 72B)
Class kotlin.sequences.SequencesKt__SequencesKt                                       : loaded 3 times (x 73B)
Class kotlin.collections.SetsKt___SetsKt                                              : loaded 3 times (x 73B)
Class [Lcom.amazon.ion.impl.bin.AbstractIonWriter$WriteValueOptimization;             : loaded 3 times (x 71B)
Class kotlin.ranges.RangesKt__RangesKt                                                : loaded 3 times (x 73B)
Class com.android.builder.model.v2.ide.BasicVariant                                   : loaded 3 times (x 72B)
Class kotlin.ranges.ClosedRange                                                       : loaded 3 times (x 72B)
Class com.android.builder.model.v2.ide.JavaArtifact                                   : loaded 3 times (x 72B)
Class com.android.builder.model.v2.ide.AndroidGradlePluginProjectFlags                : loaded 3 times (x 72B)
Class [Lcom.android.builder.model.v2.ide.AndroidGradlePluginProjectFlags$BooleanFlag; : loaded 3 times (x 71B)
Class org.jetbrains.plugins.gradle.tooling.serialization.RepositoriesModelSerializationService$ReadContext: loaded 3 times (x 74B)
Class kotlin.comparisons.ComparisonsKt__ComparisonsKt                                 : loaded 3 times (x 73B)
Class io.opentelemetry.api.internal.AutoValue_ImmutableSpanContext                    : loaded 3 times (x 94B)
Class org.gradle.tooling.model.internal.ImmutableDomainObjectSet                      : loaded 3 times (x 157B)
Class org.jetbrains.plugins.gradle.tooling.util.IntObjectMap$1                        : loaded 3 times (x 79B)
Class org.jetbrains.kotlin.tooling.core.Extras                                        : loaded 3 times (x 72B)
Class com.google.common.collect.Multimap                                              : loaded 3 times (x 72B)
Class io.opentelemetry.context.ArrayBasedContext                                      : loaded 3 times (x 102B)
Class com.intellij.gradle.toolingExtension.impl.model.taskModel.GradleTaskSerialisationService: loaded 3 times (x 78B)
Class com.amazon.ion.impl._Private_IonWriter                                          : loaded 3 times (x 72B)
Class com.amazon.ion.impl.bin._Private_IonManagedBinaryWriterBuilder                  : loaded 3 times (x 74B)
Class kotlin.Triple                                                                   : loaded 3 times (x 74B)
Class kotlin.text.StringsKt__StringsJVMKt                                             : loaded 3 times (x 73B)
Class kotlin.collections.IntIterator                                                  : loaded 3 times (x 84B)
Class com.google.common.collect.NullnessCasts                                         : loaded 3 times (x 73B)
Class kotlin.sequences.SequencesKt__SequenceBuilderKt$sequence$$inlined$Sequence$1    : loaded 3 times (x 77B)
Class com.intellij.gradle.toolingExtension.impl.model.projectModel.GradleExternalProjectSerializationService$WriteContext: loaded 3 times (x 75B)
Class com.android.ide.gradle.model.LegacyV1AgpVersionModel                            : loaded 3 times (x 72B)
Class com.google.common.base.ExtraObjectsMethodsForWeb                                : loaded 3 times (x 73B)
Class kotlin.text.Regex                                                               : loaded 3 times (x 74B)
Class [Lcom.amazon.ion.SymbolToken;                                                   : loaded 3 times (x 71B)
Class com.google.common.collect.ImmutableRangeSet$Builder                             : loaded 3 times (x 79B)
Class kotlin.text.StringsKt__StringBuilderJVMKt                                       : loaded 3 times (x 73B)
Class kotlin.text.StringsKt__IndentKt                                                 : loaded 3 times (x 73B)
Class com.android.builder.model.v2.dsl.SigningConfig                                  : loaded 3 times (x 72B)
Class com.google.common.collect.Lists$ReverseList$1                                   : loaded 3 times (x 101B)
Class com.amazon.ion.BufferConfiguration$DataHandler                                  : loaded 3 times (x 72B)
Class com.android.builder.model.v2.models.AndroidProject                              : loaded 3 times (x 72B)
Class com.android.builder.model.v2.AndroidModel                                       : loaded 3 times (x 72B)
Class com.amazon.ion.system.SimpleCatalog                                             : loaded 3 times (x 93B)
Class kotlin.collections.SetsKt                                                       : loaded 3 times (x 73B)
Class com.amazon.ion.BufferConfiguration                                              : loaded 3 times (x 74B)
Class kotlin.collections.AbstractCollection                                           : loaded 3 times (x 119B)
Class io.opentelemetry.api.trace.ImmutableTraceFlags                                  : loaded 3 times (x 79B)
Class com.amazon.ion.impl._Private_IonBinaryWriterBuilder                             : loaded 3 times (x 117B)
Class kotlin.collections.AbstractList                                                 : loaded 3 times (x 199B)
Class org.gradle.tooling.model.Element                                                : loaded 3 times (x 72B)
Class org.gradle.tooling.internal.adapter.ProtocolToModelAdapter$NoOpDecoration       : loaded 3 times (x 81B)
Class org.gradle.tooling.internal.adapter.TypeInspector                               : loaded 3 times (x 75B)
Class io.opentelemetry.context.propagation.TextMapPropagator                          : loaded 3 times (x 72B)
Class org.jetbrains.plugins.gradle.model.GradleSourceSetDependencyModel               : loaded 3 times (x 72B)
Class kotlin.coroutines.jvm.internal.RestrictedSuspendLambda                          : loaded 3 times (x 93B)
Class com.android.ide.common.gradle.Part                                              : loaded 3 times (x 79B)
Class kotlin.reflect.KFunction                                                        : loaded 3 times (x 72B)
Class kotlin.collections.ArrayDeque                                                   : loaded 3 times (x 209B)
Class kotlin.sequences.SequencesKt__SequencesJVMKt                                    : loaded 3 times (x 73B)
Class org.jetbrains.plugins.gradle.tooling.serialization.KotlinDslScriptsModelSerializationService: loaded 3 times (x 83B)
Class com.google.common.collect.CompoundOrdering                                      : loaded 3 times (x 117B)
Class org.jetbrains.plugins.gradle.model.ExternalProjectDependency                    : loaded 3 times (x 72B)
Class com.android.builder.model.v2.dsl.ProductFlavor                                  : loaded 3 times (x 72B)
Class [Lcom.android.builder.model.v2.ide.TestInfo$Execution;                          : loaded 3 times (x 71B)
Class com.amazon.ion.system.IonSystemBuilder$Mutable                                  : loaded 3 times (x 77B)
Class com.amazon.ion.impl.bin.IonManagedBinaryWriter$SymbolResolverBuilder            : loaded 3 times (x 72B)
Class com.amazon.ion.IonString                                                        : loaded 3 times (x 72B)
Class org.gradle.tooling.model.BuildModel                                             : loaded 3 times (x 72B)
Class org.jetbrains.plugins.gradle.model.FileCollectionDependency                     : loaded 3 times (x 72B)
Class kotlin.collections.MapsKt__MapsKt                                               : loaded 3 times (x 73B)
Class org.gradle.internal.time.Clock                                                  : loaded 3 times (x 72B)
Class org.jetbrains.plugins.gradle.tooling.serialization.ExternalTestsSerializationService$WriteContext: loaded 3 times (x 74B)
Class [Lio.opentelemetry.api.trace.TraceFlags;                                        : loaded 3 times (x 71B)
Class [Lio.opentelemetry.context.ContextStorage;                                      : loaded 3 times (x 71B)
Class com.intellij.platform.diagnostic.telemetry.rt.context.TelemetryContext          : loaded 3 times (x 135B)
Class org.jetbrains.kotlin.idea.gradleTooling.KotlinGradleModel                       : loaded 3 times (x 72B)
Class io.opentelemetry.api.DefaultOpenTelemetry                                       : loaded 3 times (x 91B)
Class io.opentelemetry.api.trace.SpanBuilder                                          : loaded 3 times (x 72B)
Class com.intellij.gradle.toolingExtension.impl.model.utilDummyModel.DummyModel       : loaded 3 times (x 72B)
Class kotlin.collections.EmptyIterator                                                : loaded 3 times (x 91B)
Class kotlin.text.StringsKt__RegexExtensionsKt                                        : loaded 3 times (x 73B)
Class com.android.builder.model.v2.ide.Variant                                        : loaded 3 times (x 72B)
Class com.google.common.collect.Lists$RandomAccessReverseList                         : loaded 3 times (x 202B)
Class com.amazon.ion.impl.lite.IonTimestampLite                                       : loaded 3 times (x 195B)
Class com.intellij.gradle.toolingExtension.impl.model.buildScriptClasspathModel.GradleBuildScriptClasspathSerializationService: loaded 3 times (x 79B)
Class com.amazon.ion.impl.bin.IonManagedBinaryWriter$ImportedSymbolResolverMode       : loaded 3 times (x 82B)
Class io.opentelemetry.context.ThreadLocalContextStorage                              : loaded 3 times (x 87B)
Class org.gradle.tooling.model.Model                                                  : loaded 3 times (x 72B)
Class com.amazon.ion.impl.LocalSymbolTable$Factory                                    : loaded 3 times (x 79B)
Class io.opentelemetry.context.ThreadLocalContextStorage$ScopeImpl                    : loaded 3 times (x 81B)
Class com.amazon.ion.IonFloat                                                         : loaded 3 times (x 72B)
Class kotlin.jvm.internal.DefaultConstructorMarker                                    : loaded 3 times (x 73B)
Class org.gradle.internal.time.TimeSource$1                                           : loaded 3 times (x 79B)
Class io.opentelemetry.context.propagation.TextMapGetter                              : loaded 3 times (x 72B)
Class com.amazon.ion.UnknownSymbolException                                           : loaded 3 times (x 87B)
Class com.android.builder.model.v2.ide.SyncIssue                                      : loaded 3 times (x 72B)
Class com.android.builder.model.v2.dsl.BaseConfig                                     : loaded 3 times (x 72B)
Class [Lcom.amazon.ion.impl.bin.IonRawBinaryWriter$PreallocationMode;                 : loaded 3 times (x 71B)
Class kotlin.NotImplementedError                                                      : loaded 3 times (x 84B)
Class kotlin.text.MatchResult$Destructured                                            : loaded 3 times (x 74B)
Class com.amazon.ion.util._Private_FastAppendable                                     : loaded 3 times (x 72B)
Class com.android.ide.gradle.model.composites.BuildMap                                : loaded 3 times (x 72B)
Class kotlin.Metadata                                                                 : loaded 3 times (x 72B)
Class kotlin.UninitializedPropertyAccessException                                     : loaded 3 times (x 84B)
Class com.amazon.ion.impl._Private_IonReaderBuilder$TwoElementInputStream             : loaded 3 times (x 94B)
Class com.amazon.ion.impl.lite.IonIntLite                                             : loaded 3 times (x 191B)
Class org.jetbrains.kotlin.tooling.core.HasExtras                                     : loaded 3 times (x 72B)
Class com.intellij.gradle.toolingExtension.impl.model.sourceSetModel.GradleSourceSetSerialisationService: loaded 3 times (x 79B)
Class com.android.builder.model.v2.ide.Library                                        : loaded 3 times (x 72B)
Class com.android.builder.model.v2.ide.ArtifactDependenciesAdjacencyList              : loaded 3 times (x 72B)
Class com.android.builder.model.v2.ide.ProjectType                                    : loaded 3 times (x 81B)
Class kotlin.io.FileSystemException                                                   : loaded 3 times (x 84B)
Class com.android.builder.model.v2.ide.ComponentInfo                                  : loaded 3 times (x 72B)
Class com.android.builder.model.v2.models.Versions                                    : loaded 3 times (x 72B)
Class org.gradle.tooling.model.ProjectIdentifier                                      : loaded 3 times (x 72B)
Class org.gradle.tooling.model.idea.IdeaCompilerOutput                                : loaded 3 times (x 72B)
Class io.opentelemetry.context.Context                                                : loaded 3 times (x 72B)
Class org.gradle.tooling.internal.adapter.ProtocolToModelAdapter$MethodInvocationCache: loaded 3 times (x 75B)
Class org.jetbrains.plugins.gradle.model.IntelliJProjectSettings                      : loaded 3 times (x 72B)
Class kotlin.text.MatchResult$DefaultImpls                                            : loaded 3 times (x 73B)
Class com.amazon.ion.impl.bin.IonManagedBinaryWriter$ImportedSymbolContext            : loaded 3 times (x 74B)
Class com.amazon.ion.IonSystem                                                        : loaded 3 times (x 72B)
Class org.gradle.internal.exceptions.ResolutionProvider                               : loaded 3 times (x 72B)
Class org.gradle.tooling.internal.adapter.ProtocolToModelAdapter$MixInMappingAction   : loaded 3 times (x 82B)
Class org.jetbrains.plugins.gradle.tooling.serialization.internal.adapter.Supplier    : loaded 3 times (x 72B)
Class org.jetbrains.plugins.gradle.tooling.serialization.internal.IdeaProjectSerializationService$ReadContext: loaded 3 times (x 74B)
Class com.android.builder.model.v2.ide.JavaCompileOptions                             : loaded 3 times (x 72B)
Class com.android.ide.gradle.model.dependencies.DeclaredDependencies                  : loaded 3 times (x 72B)
Class com.google.common.collect.SortedIterable                                        : loaded 3 times (x 72B)
Class com.android.builder.model.v2.models.ndk.NativeModule                            : loaded 3 times (x 72B)
Class com.intellij.util.containers.IntObjectHashMap                                   : loaded 3 times (x 74B)
Class org.jetbrains.plugins.gradle.model.ExternalDependency                           : loaded 3 times (x 72B)
Class com.amazon.ion.IonList                                                          : loaded 3 times (x 72B)
Class kotlin.enums.EnumEntries                                                        : loaded 3 times (x 72B)
Class org.gradle.tooling.internal.gradle.GradleBuildIdentity                          : loaded 3 times (x 72B)
Class org.jetbrains.plugins.gradle.tooling.serialization.SerializationService         : loaded 3 times (x 72B)
Class kotlin.sequences.FlatteningSequence                                             : loaded 3 times (x 77B)
Class com.android.builder.model.v2.ide.TestInfo                                       : loaded 3 times (x 72B)
Class com.amazon.ion.impl.LocalSymbolTable                                            : loaded 3 times (x 129B)
Class org.gradle.tooling.model.kotlin.dsl.KotlinDslScriptsModel                       : loaded 3 times (x 72B)
Class [Lcom.amazon.ion.IonType;                                                       : loaded 3 times (x 71B)
Class org.gradle.internal.time.TimeSource                                             : loaded 3 times (x 72B)
Class gnu.trove.TObjectIntProcedure                                                   : loaded 3 times (x 72B)
Class kotlin.text.MatcherMatchResult                                                  : loaded 3 times (x 82B)
Class com.android.ide.common.repository.AgpVersion$PreviewKind$Companion              : loaded 3 times (x 73B)
Class org.jetbrains.plugins.gradle.tooling.serialization.internal.IdeaProjectSerializationService$WriteContext$8: loaded 3 times (x 85B)
Class com.intellij.gradle.toolingExtension.impl.model.sourceSetDependencyModel.GradleSourceSetDependencySerialisationService$SourceSetDependencyModelReadContext: loaded 3 times (x 74B)
Class com.intellij.gradle.toolingExtension.impl.model.dependencyModel.DependencyReadContext: loaded 3 times (x 74B)
Class org.gradle.tooling.model.idea.IdeaDependencyScope                               : loaded 3 times (x 72B)
Class org.gradle.tooling.internal.adapter.ObjectGraphAdapter                          : loaded 3 times (x 72B)
Class org.jetbrains.plugins.gradle.model.VersionCatalogsModel                         : loaded 3 times (x 72B)
Class kotlin.ranges.IntRange                                                          : loaded 3 times (x 95B)
Class com.amazon.ion.impl.bin.IonManagedBinaryWriter                                  : loaded 3 times (x 167B)
Class org.jetbrains.plugins.gradle.model.RepositoryModels                             : loaded 3 times (x 72B)
Class org.jetbrains.plugins.gradle.tooling.serialization.internal.IdeaProjectSerializationService$WriteContext$7: loaded 3 times (x 85B)
Class kotlin.jvm.internal.CallableReference                                           : loaded 3 times (x 112B)
Class kotlin.collections.AbstractList$SubList                                         : loaded 3 times (x 200B)
Class com.amazon.ion.IonNull                                                          : loaded 3 times (x 72B)
Class kotlin.text.MatchGroupCollection                                                : loaded 3 times (x 72B)
Class com.google.common.collect.RegularImmutableSortedSet                             : loaded 3 times (x 302B)
Class com.android.builder.model.v2.ide.Installation                                   : loaded 3 times (x 72B)
Class com.amazon.ion.impl.lite.ValueFactoryLite                                       : loaded 3 times (x 220B)
Class com.google.common.collect.ImmutableSortedAsList                                 : loaded 3 times (x 223B)
Class kotlin.text.RegexKt                                                             : loaded 3 times (x 73B)
Class kotlin.coroutines.intrinsics.IntrinsicsKt__IntrinsicsKt                         : loaded 3 times (x 73B)
Class com.intellij.gradle.toolingExtension.impl.model.warmUp.GradleTaskWarmUpRequest  : loaded 3 times (x 72B)
Class org.jetbrains.plugins.gradle.model.ExternalSourceSet                            : loaded 3 times (x 72B)
Class org.jetbrains.plugins.gradle.model.ProjectImportModelProvider                   : loaded 3 times (x 72B)
Class org.gradle.tooling.model.gradle.GradleScript                                    : loaded 3 times (x 72B)
Class org.jetbrains.plugins.gradle.tooling.util.IntObjectMap                          : loaded 3 times (x 75B)
Class org.jetbrains.plugins.gradle.tooling.serialization.internal.IdeaProjectSerializationService$WriteContext$6: loaded 3 times (x 85B)
Class com.android.builder.model.v2.ide.LibraryInfo                                    : loaded 3 times (x 72B)
Class kotlin.ranges.IntProgression                                                    : loaded 3 times (x 83B)
Class com.amazon.ion.IonBinaryWriter                                                  : loaded 3 times (x 72B)
Class com.android.builder.model.v2.ide.ViewBindingOptions                             : loaded 3 times (x 72B)
Class com.android.builder.model.v2.models.ModelBuilderParameter                       : loaded 3 times (x 72B)
Class com.amazon.ion.IonType                                                          : loaded 3 times (x 81B)
Class com.amazon.ion.impl.lite._Private_LiteDomTrampoline                             : loaded 3 times (x 73B)
Class kotlin.io.FilesKt__UtilsKt                                                      : loaded 3 times (x 73B)
Class com.google.common.collect.Lists$TransformingRandomAccessList                    : loaded 3 times (x 201B)
Class io.opentelemetry.context.ContextStorage                                         : loaded 3 times (x 72B)
Class kotlin.text.StringsKt__StringsKt                                                : loaded 3 times (x 73B)
Class kotlin.collections.CollectionsKt__CollectionsJVMKt                              : loaded 3 times (x 73B)
Class com.intellij.gradle.toolingExtension.impl.model.sourceSetArtifactIndex.GradleSourceSetArtifactBuildRequest: loaded 3 times (x 72B)
Class com.intellij.gradle.toolingExtension.impl.model.sourceSetDependencyModel.GradleSourceSetDependencySerialisationService$SourceSetDependencyModelWriteContext: loaded 3 times (x 74B)
Class org.gradle.tooling.model.idea.BasicIdeaProject                                  : loaded 3 times (x 72B)
Class org.jetbrains.plugins.gradle.tooling.serialization.internal.IdeaProjectSerializationService$WriteContext$5: loaded 3 times (x 85B)
Class com.intellij.gradle.toolingExtension.util.GradleVersionSpecificsUtil            : loaded 3 times (x 73B)
Class com.google.common.collect.ImmutableSortedSet                                    : loaded 3 times (x 302B)
Class com.google.common.collect.Lists$ReverseList                                     : loaded 3 times (x 202B)
Class kotlin.sequences.SequencesKt___SequencesKt$sortedWith$1                         : loaded 3 times (x 77B)
Class com.amazon.ion.BufferConfiguration$Builder                                      : loaded 3 times (x 80B)
Class [Lcom.amazon.ion.util.InputStreamInterceptor;                                   : loaded 3 times (x 71B)
Class org.jetbrains.kotlin.idea.gradleTooling.AndroidAwareGradleModelProvider         : loaded 3 times (x 81B)
Class org.gradle.internal.time.MonotonicClock                                         : loaded 3 times (x 79B)
Class com.intellij.gradle.toolingExtension.impl.telemetry.GradleOpenTelemetry         : loaded 3 times (x 74B)
Class com.android.ide.gradle.model.LegacyAndroidGradlePluginProperties                : loaded 3 times (x 72B)
Class kotlin.jvm.KotlinReflectionNotSupportedError                                    : loaded 3 times (x 84B)
Class com.intellij.gradle.toolingExtension.impl.model.sourceSetDependencyModel.GradleSourceSetDependencySerialisationService$Companion: loaded 3 times (x 73B)
Class kotlin.sequences.SequencesKt                                                    : loaded 3 times (x 73B)
Class kotlin.collections.CollectionsKt__IteratorsKt                                   : loaded 3 times (x 73B)
Class org.jetbrains.plugins.gradle.tooling.serialization.internal.IdeaProjectSerializationService$WriteContext$1: loaded 3 times (x 85B)
Class org.jetbrains.plugins.gradle.model.ExternalProject                              : loaded 3 times (x 72B)
Class org.jetbrains.plugins.gradle.tooling.serialization.internal.IdeaProjectSerializationService$WriteContext$4: loaded 3 times (x 85B)
Class kotlin.jvm.internal.markers.KMutableList                                        : loaded 3 times (x 72B)
Class kotlin.text.MatchNamedGroupCollection                                           : loaded 3 times (x 72B)
Class com.google.common.collect.UsingToStringOrdering                                 : loaded 3 times (x 116B)
Class kotlin.io.FilesKt__FileReadWriteKt                                              : loaded 3 times (x 73B)
Class kotlin.text.StringsKt__StringNumberConversionsKt                                : loaded 3 times (x 73B)
Class [Lkotlin.Pair;                                                                  : loaded 3 times (x 71B)
Class org.gradle.tooling.model.GradleProject                                          : loaded 3 times (x 72B)
Class [Lio.opentelemetry.context.Scope;                                               : loaded 3 times (x 71B)
Class gnu.trove.TObjectHash$NULL                                                      : loaded 3 times (x 73B)
Class org.jetbrains.plugins.gradle.tooling.serialization.internal.IdeaProjectSerializationService$WriteContext$3: loaded 3 times (x 85B)
Class org.jetbrains.plugins.gradle.tooling.serialization.AnnotationProcessingModelSerializationService$ReadContext: loaded 3 times (x 74B)
Class [Lcom.android.builder.model.v2.ide.CodeShrinker;                                : loaded 3 times (x 71B)
Class kotlin.text.StringsKt                                                           : loaded 3 times (x 73B)
Class kotlin.coroutines.jvm.internal.RestrictedContinuationImpl                       : loaded 3 times (x 89B)
Class org.jetbrains.kotlin.idea.gradleTooling.KotlinGradlePluginVersion               : loaded 3 times (x 72B)
Class org.jetbrains.plugins.gradle.tooling.serialization.RepositoriesModelSerializationService$WriteContext: loaded 3 times (x 74B)
Class org.gradle.util.internal.DefaultGradleVersion$Stage                             : loaded 3 times (x 77B)
Class org.jetbrains.plugins.gradle.tooling.serialization.internal.IdeaProjectSerializationService$WriteContext$2: loaded 3 times (x 85B)
Class com.amazon.ion.impl.bin.PooledBlockAllocatorProvider                            : loaded 3 times (x 75B)
Class com.amazon.ion.IonContainer                                                     : loaded 3 times (x 72B)
Class com.amazon.ion.impl.lite.IonValueLite                                           : loaded 3 times (x 150B)
Class com.amazon.ion.impl._Private_IonSymbol                                          : loaded 3 times (x 72B)
Class com.google.gson.Strictness                                                      : loaded 2 times (x 81B)
Class com.google.gson.internal.sql.SqlTypesSupport$1                                  : loaded 2 times (x 76B)
Class com.google.gson.internal.bind.TypeAdapters$2                                    : loaded 2 times (x 77B)
Class com.google.gson.internal.bind.TypeAdapters$15                                   : loaded 2 times (x 77B)
Class com.amazon.ion.impl.bin.utf8.Pool                                               : loaded 2 times (x 76B)
Class com.google.common.base.FunctionalEquivalence                                    : loaded 2 times (x 85B)
Class com.google.common.util.concurrent.AbstractFuture                                : loaded 2 times (x 108B)
Class com.google.common.collect.AbstractMapBasedMultimap                              : loaded 2 times (x 140B)
Class org.gradle.tooling.internal.consumer.converters.BackwardsCompatibleIdeaModuleDependency: loaded 2 times (x 72B)
Class com.android.ide.common.gradle.Module                                            : loaded 2 times (x 74B)
Class com.android.tools.idea.gradle.project.sync.ModelFetchersKt                      : loaded 2 times (x 73B)
Class com.android.tools.idea.gradle.project.sync.AndroidSyncException                 : loaded 2 times (x 84B)
Class com.google.common.collect.SortedLists$KeyAbsentBehavior                         : loaded 2 times (x 82B)
Class com.android.tools.idea.gradle.project.sync.ModelResult                          : loaded 2 times (x 74B)
Class com.android.tools.idea.gradle.model.IdeUnresolvedAndroidLibrary                 : loaded 2 times (x 72B)
Class com.intellij.openapi.util.io.FileTooBigException                                : loaded 2 times (x 84B)
Class com.android.tools.idea.gradle.project.sync.GradleProject                        : loaded 2 times (x 77B)
Class sync_studio_tooling6_41lfzyvwon1xw1ayv8p3my4hs$_run_closure1                    : loaded 2 times (x 140B)
Class com.google.common.collect.ImmutableMultiset                                     : loaded 2 times (x 165B)
Class org.objectweb.asm.RecordComponentVisitor                                        : loaded 2 times (x 79B)
Class com.google.common.cache.CacheLoader$SupplierToCacheLoader                       : loaded 2 times (x 77B)
Class com.google.gson.internal.sql.SqlTypesSupport$2                                  : loaded 2 times (x 76B)
Class com.google.gson.internal.bind.TypeAdapters$16                                   : loaded 2 times (x 77B)
Class com.google.gson.internal.bind.TypeAdapters$3                                    : loaded 2 times (x 77B)
Class com.android.tools.idea.gradle.project.sync.VariantDetailsKt                     : loaded 2 times (x 73B)
Class com.amazon.ion.impl.bin.IonManagedBinaryWriter$SymbolState$4                    : loaded 2 times (x 82B)
Class com.google.common.base.Converter                                                : loaded 2 times (x 92B)
Class com.google.gson.internal.bind.TypeAdapters$14                                   : loaded 2 times (x 77B)
Class com.android.tools.idea.gradle.project.sync.ModelCacheV2ImplKt$modelCacheV2Impl$1: loaded 2 times (x 82B)
Class [Lcom.android.tools.idea.gradle.project.upgrade.AndroidGradlePluginCompatibility;: loaded 2 times (x 71B)
Class com.google.gson.internal.bind.TypeAdapters$1                                    : loaded 2 times (x 77B)
Class com.google.gson.internal.bind.NumberTypeAdapter$1                               : loaded 2 times (x 78B)
Class com.android.tools.idea.gradle.model.impl.IdeCompositeBuildMapImpl               : loaded 2 times (x 78B)
Class com.google.common.cache.ReferenceEntry                                          : loaded 2 times (x 72B)
Class com.google.common.util.concurrent.ListenableFuture                              : loaded 2 times (x 72B)
Class com.android.tools.idea.gradle.project.sync.BuildId                              : loaded 2 times (x 74B)
Class org.gradle.tooling.internal.adapter.ProtocolToModelAdapter$MixInTypeMappingAction: loaded 2 times (x 83B)
Class com.android.tools.idea.gradle.project.sync.AndroidProjectResult                 : loaded 2 times (x 78B)
Class com.android.tools.idea.gradle.model.IdeExtraSourceProvider                      : loaded 2 times (x 72B)
Class com.android.tools.idea.gradle.project.sync.NativeVariantAbiResult$V2            : loaded 2 times (x 74B)
Class com.google.gson.internal.bind.TypeAdapters$17                                   : loaded 2 times (x 77B)
Class com.google.gson.internal.bind.TypeAdapters$4                                    : loaded 2 times (x 77B)
Class org.gradle.internal.service.ServiceLookupException                              : loaded 2 times (x 84B)
Class org.gradle.api.internal.classpath.DefaultModuleRegistry                         : loaded 2 times (x 86B)
Class com.android.builder.model.v2.models.TestSuiteSourceDependenciesAdjacencyList    : loaded 2 times (x 72B)
Class com.amazon.ion.impl.bin.IonRawBinaryWriter$StreamFlushMode                      : loaded 2 times (x 81B)
Class com.android.tools.idea.gradle.model.impl.IdeProjectPathImpl                     : loaded 2 times (x 79B)
Class com.amazon.ion.impl.bin.IonManagedBinaryWriter$SymbolState$3                    : loaded 2 times (x 82B)
Class com.android.tools.idea.gradle.project.sync.GradleModule                         : loaded 2 times (x 80B)
Class com.amazon.ion.impl.bin.IonRawBinaryWriter$ContainerInfo                        : loaded 2 times (x 76B)
Class com.android.tools.idea.gradle.project.sync.BasicNonAndroidIncompleteGradleModule: loaded 2 times (x 75B)
Class com.google.gson.internal.bind.TypeAdapters$13                                   : loaded 2 times (x 77B)
Class org.gradle.tooling.internal.consumer.versioning.ModelMapping                    : loaded 2 times (x 75B)
Class org.gradle.tooling.internal.consumer.converters.BasicGradleProjectIdentifierMixin: loaded 2 times (x 75B)
Class com.google.common.collect.SortedLists$KeyPresentBehavior                        : loaded 2 times (x 82B)
Class com.intellij.gradle.toolingExtension.impl.model.projectModel.GradleExternalProjectModelProvider: loaded 2 times (x 81B)
Class com.google.gson.annotations.JsonAdapter                                         : loaded 2 times (x 72B)
Class [Lcom.google.common.cache.LocalCache$EntryFactory;                              : loaded 2 times (x 71B)
Class com.google.gson.internal.bind.SerializationDelegatingTypeAdapter                : loaded 2 times (x 76B)
Class com.google.gson.internal.bind.TypeAdapters$18                                   : loaded 2 times (x 77B)
Class com.google.gson.internal.bind.TypeAdapters$5                                    : loaded 2 times (x 77B)
Class org.gradle.internal.classloader.ClassLoaderFactory                              : loaded 2 times (x 72B)
Class com.android.tools.idea.gradle.model.impl.IdeBuildTypeContainerImpl              : loaded 2 times (x 81B)
Class com.android.tools.idea.gradle.model.impl.ThrowingIdeDependencies                : loaded 2 times (x 80B)
Class com.amazon.ion.impl.bin.IonManagedBinaryWriter$SymbolState$2                    : loaded 2 times (x 82B)
Class com.android.tools.idea.gradle.model.IdeJavaLibrary                              : loaded 2 times (x 72B)
Class com.android.tools.idea.gradle.model.ClasspathType                               : loaded 2 times (x 81B)
Class [Lcom.google.gson.ToNumberStrategy;                                             : loaded 2 times (x 71B)
Class com.android.tools.idea.gradle.project.sync.AndroidVariantResolver               : loaded 2 times (x 72B)
Class com.android.tools.idea.gradle.model.impl.IdeDependenciesInfoImpl                : loaded 2 times (x 77B)
Class com.google.gson.internal.bind.TypeAdapters$12                                   : loaded 2 times (x 77B)
Class com.google.common.cache.LocalCache$LocalManualCache$1                           : loaded 2 times (x 77B)
Class org.gradle.tooling.internal.consumer.converters.EclipseProjectHasAutoBuildMixin : loaded 2 times (x 74B)
Class org.gradle.tooling.UnknownModelException                                        : loaded 2 times (x 85B)
Class com.google.common.base.CommonPattern                                            : loaded 2 times (x 76B)
Class com.google.common.cache.LocalCache$LocalManualCache                             : loaded 2 times (x 101B)
Class com.google.gson.internal.bind.ReflectiveTypeAdapterFactory$FieldReflectionAdapter: loaded 2 times (x 79B)
Class com.google.gson.internal.bind.TypeAdapters$19                                   : loaded 2 times (x 77B)
Class com.google.gson.internal.bind.TypeAdapters$6                                    : loaded 2 times (x 77B)
Class com.google.common.collect.ImmutableMultimap$Values                              : loaded 2 times (x 128B)
Class org.gradle.internal.service.CachingServiceLocator                               : loaded 2 times (x 84B)
Class com.android.tools.idea.gradle.project.sync.LibraryIdentity$LibraryIdentityProvider$Companion: loaded 2 times (x 73B)
Class com.android.tools.idea.gradle.project.sync.DependencyGraphCompat$AdjacencyList  : loaded 2 times (x 74B)
Class com.android.tools.idea.gradle.model.IdeProjectPath                              : loaded 2 times (x 72B)
Class kotlin.jvm.internal.Intrinsics$Kotlin                                           : loaded 2 times (x 73B)
Class com.android.tools.idea.gradle.project.sync.FetchedVariantResult                 : loaded 2 times (x 73B)
Class com.amazon.ion.impl.LocalSymbolTableAsStruct$Factory                            : loaded 2 times (x 81B)
Class com.amazon.ion.impl.bin.IonManagedBinaryWriter$SymbolState$1                    : loaded 2 times (x 82B)
Class org.gradle.tooling.model.idea.IdeaModule                                        : loaded 2 times (x 72B)
Class [Lcom.google.gson.FieldNamingPolicy;                                            : loaded 2 times (x 71B)
Class com.google.gson.internal.bind.TypeAdapters$11                                   : loaded 2 times (x 77B)
Class com.google.gson.annotations.SerializedName                                      : loaded 2 times (x 72B)
Class com.google.common.collect.AbstractMapBasedMultimap$KeySet                       : loaded 2 times (x 139B)
Class com.google.common.math.IntMath                                                  : loaded 2 times (x 73B)
Class com.google.gson.internal.bind.TypeAdapters$7                                    : loaded 2 times (x 77B)
Class com.google.common.util.concurrent.internal.InternalFutureFailureAccess          : loaded 2 times (x 74B)
Class com.google.common.collect.ImmutableSet$JdkBackedSetBuilderImpl                  : loaded 2 times (x 78B)
Class org.gradle.tooling.internal.adapter.ProtocolToModelAdapter$MixInBeanMappingAction: loaded 2 times (x 83B)
Class com.android.tools.idea.gradle.project.sync.AndroidExtraModelProviderKt          : loaded 2 times (x 73B)
Class com.android.tools.idea.gradle.model.IdeProductFlavor                            : loaded 2 times (x 72B)
Class com.android.tools.idea.gradle.project.sync.AdditionalClassifierArtifactsModelCollectorKt: loaded 2 times (x 73B)
Class org.gradle.internal.installation.GradleInstallation$1                           : loaded 2 times (x 77B)
Class com.google.gson.internal.bind.CollectionTypeAdapterFactory$Adapter              : loaded 2 times (x 76B)
Class com.google.gson.internal.bind.TypeAdapters$8                                    : loaded 2 times (x 77B)
Class com.google.common.collect.ImmutableMapEntry                                     : loaded 2 times (x 87B)
Class com.amazon.ion.impl.bin.WriteBuffer                                             : loaded 2 times (x 80B)
Class [Lorg.gradle.api.JavaVersion;                                                   : loaded 2 times (x 71B)
Class org.gradle.api.internal.classpath.ModuleRegistry                                : loaded 2 times (x 72B)
Class com.android.tools.idea.gradle.project.sync.IdeSyncExecutionReport               : loaded 2 times (x 73B)
Class com.android.tools.idea.gradle.project.sync.FetchedVariantResult$Finished        : loaded 2 times (x 74B)
Class com.android.tools.idea.gradle.model.IdePreResolvedModuleLibraryImpl             : loaded 2 times (x 83B)
Class com.android.tools.idea.gradle.model.IdeAndroidLibraryImpl                       : loaded 2 times (x 108B)
Class com.android.tools.idea.gradle.project.sync.ModelCacheV2ImplKt$WhenMappings      : loaded 2 times (x 73B)
Class com.google.common.collect.ImmutableBiMap                                        : loaded 2 times (x 145B)
Class com.google.gson.internal.bind.TypeAdapters$10                                   : loaded 2 times (x 77B)
Class org.gradle.tooling.model.idea.IdeaSourceDirectory                               : loaded 2 times (x 72B)
Class com.google.gson.internal.bind.ReflectiveTypeAdapterFactory$Adapter              : loaded 2 times (x 79B)
Class com.google.common.cache.CacheLoader                                             : loaded 2 times (x 76B)
Class [Lorg.objectweb.asm.SymbolTable$Entry;                                          : loaded 2 times (x 71B)
Class com.google.common.collect.ImmutableMultimap                                     : loaded 2 times (x 148B)
Class com.google.common.base.Equivalence                                              : loaded 2 times (x 84B)
Class com.google.gson.internal.bind.TypeAdapters$9                                    : loaded 2 times (x 77B)
Class com.google.common.collect.ImmutableMapEntry$NonTerminalImmutableMapEntry        : loaded 2 times (x 87B)
Class com.amazon.ion.impl.lite.IonBlobLite                                            : loaded 2 times (x 222B)
Class com.google.common.collect.AbstractListMultimap                                  : loaded 2 times (x 173B)
Class com.android.tools.idea.gradle.project.sync.SyncVariantResultSuccess             : loaded 2 times (x 74B)
Class com.android.tools.idea.gradle.project.sync.FetchedVariant                       : loaded 2 times (x 74B)
Class com.android.tools.idea.gradle.model.impl.IdeSigningConfigImpl                   : loaded 2 times (x 80B)
Class com.android.tools.idea.gradle.project.sync.AndroidProjectResult$Companion$RuntimeClasspathBehaviour: loaded 2 times (x 73B)
Class com.android.builder.model.v2.models.SourceType                                  : loaded 2 times (x 81B)
Class com.android.tools.idea.gradle.project.sync.SyncProjectActionWorker              : loaded 2 times (x 74B)
Class com.android.tools.idea.gradle.model.impl.IdeMultiVariantDataImpl                : loaded 2 times (x 79B)
Class org.jetbrains.plugins.gradle.model.ExternalFilter                               : loaded 2 times (x 72B)
Class com.android.tools.idea.gradle.model.IdeUnresolvedJavaLibrary                    : loaded 2 times (x 72B)
Class com.android.tools.idea.gradle.project.sync.NativeVariantAbiResult               : loaded 2 times (x 73B)
Class com.android.tools.idea.gradle.project.sync.StandaloneDeliverableModel           : loaded 2 times (x 77B)
Class com.android.tools.idea.gradle.project.sync.SingleVariantSyncActionOptions       : loaded 2 times (x 75B)
Class com.google.common.collect.IndexedImmutableSet$1                                 : loaded 2 times (x 215B)
Class com.google.common.cache.CacheBuilder$OneWeigher                                 : loaded 2 times (x 84B)
Class com.google.gson.JsonParseException                                              : loaded 2 times (x 84B)
Class com.google.common.cache.LocalCache$Segment                                      : loaded 2 times (x 155B)
Class com.intellij.gradle.toolingExtension.impl.modelSerialization.ToolingSerializerConverter: loaded 2 times (x 75B)
Class com.android.tools.idea.gradle.model.IdeDependencyCore                           : loaded 2 times (x 72B)
Class com.android.builder.model.v2.models.BaseTestSuiteSourceIdentity                 : loaded 2 times (x 72B)
Class com.android.tools.idea.gradle.project.sync.AndroidModule                        : loaded 2 times (x 90B)
Class [Lcom.android.tools.idea.gradle.project.sync.SyncTestMode;                      : loaded 2 times (x 71B)
Class io.opentelemetry.context.ContextExecutorService                                 : loaded 2 times (x 106B)
Class com.android.tools.idea.projectsystem.gradle.sync.Counter$time$1                 : loaded 2 times (x 80B)
Class org.jetbrains.plugins.gradle.model.MavenRepositoryModel                         : loaded 2 times (x 72B)
Class [Lcom.android.tools.idea.gradle.project.sync.MeasurementCheckpoint;             : loaded 2 times (x 71B)
Class org.jetbrains.kotlin.gradle.idea.tcs.IdeaKotlinDependency                       : loaded 2 times (x 72B)
Class org.gradle.internal.classloader.ClasspathUtil                                   : loaded 2 times (x 73B)
Class [Lcom.google.common.collect.SortedLists$KeyAbsentBehavior;                      : loaded 2 times (x 71B)
Class com.android.tools.idea.gradle.model.IdeAndroidGradlePluginProjectFlags          : loaded 2 times (x 72B)
Class com.android.tools.idea.gradle.project.sync.DefaultVariantsKt                    : loaded 2 times (x 73B)
Class com.android.tools.idea.gradle.model.IdeJavaArtifactCore                         : loaded 2 times (x 72B)
Class com.android.tools.idea.gradle.project.sync.AgpCompatibilityKt$WhenMappings      : loaded 2 times (x 73B)
Class com.google.common.collect.ComparisonChain                                       : loaded 2 times (x 82B)
Class com.android.tools.idea.projectsystem.gradle.sync.Counter$time$2                 : loaded 2 times (x 80B)
Class com.google.common.collect.ImmutableMap$IteratorBasedImmutableMap                : loaded 2 times (x 128B)
Class org.gradle.tooling.internal.consumer.converters.GradleProjectIdentifierMixin    : loaded 2 times (x 75B)
Class com.intellij.util.ReflectionUtilRt                                              : loaded 2 times (x 73B)
Class com.google.gson.internal.sql.SqlDateTypeAdapter$1                               : loaded 2 times (x 77B)
Class org.jetbrains.kotlin.idea.gradleTooling.KotlinMPPGradleModel$Companion          : loaded 2 times (x 73B)
Class com.google.common.util.concurrent.Uninterruptibles                              : loaded 2 times (x 73B)
Class com.google.common.cache.LocalCache$ComputingValueReference                      : loaded 2 times (x 98B)
Class com.intellij.gradle.toolingExtension.modelAction.GradleModelFetchPhase          : loaded 2 times (x 72B)
Class com.android.tools.idea.gradle.project.sync.AndroidExtraModelProviderWorker      : loaded 2 times (x 74B)
Class com.android.ide.common.repository.AgpVersion$PreviewKind$WhenMappings           : loaded 2 times (x 73B)
Class kotlin.sequences.DistinctSequence                                               : loaded 2 times (x 77B)
Class com.android.tools.idea.gradle.project.sync.ModelFetchersKt$findVariantDependenciesV2Model$findModel$1: loaded 2 times (x 77B)
Class com.android.tools.idea.gradle.project.sync.FetchedVariantResult$InProgress      : loaded 2 times (x 73B)
Class com.android.tools.idea.gradle.model.impl.IdeTestOptionsImpl                     : loaded 2 times (x 79B)
Class [Lorg.gradle.tooling.internal.adapter.MethodInvoker;                            : loaded 2 times (x 71B)
Class com.amazon.ion.impl.bin.IonRawBinaryWriter$ThrowingRunnable                     : loaded 2 times (x 72B)
Class com.amazon.ion.impl.bin.IonManagedBinaryWriter$LocalSymbolTableView             : loaded 2 times (x 121B)
Class com.google.gson.internal.sql.SqlTimestampTypeAdapter                            : loaded 2 times (x 78B)
Class com.android.tools.idea.gradle.project.sync.SyncActionOptions                    : loaded 2 times (x 74B)
Class com.google.common.util.concurrent.LazyLogger                                    : loaded 2 times (x 74B)
Class com.google.common.collect.Maps                                                  : loaded 2 times (x 73B)
Class org.gradle.api.specs.Spec                                                       : loaded 2 times (x 72B)
Class com.google.gson.internal.bind.ReflectiveTypeAdapterFactory                      : loaded 2 times (x 77B)
Class com.google.common.base.Suppliers$SupplierOfInstance                             : loaded 2 times (x 81B)
Class com.google.gson.internal.sql.SqlDateTypeAdapter                                 : loaded 2 times (x 76B)
Class [Lcom.google.common.collect.ImmutableEntry;                                     : loaded 2 times (x 71B)
Class com.amazon.ion.impl.lite.IonSexpLite                                            : loaded 2 times (x 492B)
Class com.amazon.ion.impl.lite.IonListLite                                            : loaded 2 times (x 492B)
Class org.objectweb.asm.Edge                                                          : loaded 2 times (x 74B)
Class org.gradle.tooling.model.eclipse.EclipseClasspathEntry                          : loaded 2 times (x 72B)
Class com.android.tools.idea.gradle.model.IdeUnresolvedLibrary                        : loaded 2 times (x 72B)
Class com.android.tools.idea.gradle.project.sync.ModelCacheV2ImplKt$modelCacheV2Impl$variantCoreFrom$6: loaded 2 times (x 131B)
Class com.android.tools.idea.gradle.model.impl.BuildFolderPaths                       : loaded 2 times (x 74B)
Class org.gradle.internal.impldep.com.google.common.base.Optional                     : loaded 2 times (x 82B)
Class com.intellij.gradle.toolingExtension.impl.modelAction.GradleModelHolderState    : loaded 2 times (x 79B)
Class com.google.common.cache.LocalCache$LoadingValueReference                        : loaded 2 times (x 98B)
Class com.android.tools.idea.gradle.project.sync.ActionToRun                          : loaded 2 times (x 74B)
Class com.android.tools.idea.gradle.model.IdeSourceProviderKt                         : loaded 2 times (x 73B)
Class com.android.tools.idea.gradle.model.impl.IdeAndroidGradlePluginProjectFlagsImpl : loaded 2 times (x 89B)
Class com.intellij.gradle.toolingExtension.impl.modelSerialization.DefaultSerializationService: loaded 2 times (x 78B)
Class [Lcom.intellij.openapi.diagnostic.LogLevel;                                     : loaded 2 times (x 71B)
Class org.gradle.api.internal.classpath.DefaultModuleRegistry$DefaultModuleAlias      : loaded 2 times (x 82B)
Class org.objectweb.asm.SymbolTable$Entry                                             : loaded 2 times (x 75B)
Class org.gradle.tooling.FetchModelResult                                             : loaded 2 times (x 72B)
Class org.jetbrains.plugins.gradle.tooling.serialization.internal.adapter.kotlin.dsl.InternalKotlinDslScriptModel: loaded 2 times (x 86B)
Class com.android.builder.model.v2.ide.TestSuiteVariantTarget                         : loaded 2 times (x 72B)
Class com.android.tools.idea.gradle.model.IdeTestOptions$Execution                    : loaded 2 times (x 81B)
Class com.google.common.base.Platform                                                 : loaded 2 times (x 73B)
Class com.google.gson.internal.bind.ReflectiveTypeAdapterFactory$RecordAdapter        : loaded 2 times (x 79B)
Class com.amazon.ion.impl.LocalSymbolTableAsStruct                                    : loaded 2 times (x 134B)
Class com.android.builder.model.v2.ide.UnresolvedDependency                           : loaded 2 times (x 72B)
Class com.android.tools.idea.gradle.project.sync.ResolvedAndroidProjectPath           : loaded 2 times (x 72B)
Class com.android.tools.idea.gradle.model.IdeDependenciesCore                         : loaded 2 times (x 72B)
Class com.android.tools.idea.gradle.model.impl.IdeDependenciesImplKt                  : loaded 2 times (x 73B)
Class com.google.common.base.JdkPattern                                               : loaded 2 times (x 77B)
Class kotlin.io.FilePathComponents                                                    : loaded 2 times (x 74B)
Class com.android.tools.idea.gradle.project.sync.SwitchVariantRequest                 : loaded 2 times (x 74B)
Class com.android.tools.idea.gradle.project.sync.AgpVersionIncompatible               : loaded 2 times (x 84B)
Class org.gradle.tooling.internal.consumer.connection.StreamingAwareBuildControllerAdapter: loaded 2 times (x 114B)
Class com.android.tools.idea.gradle.project.sync.ModelVersion                         : loaded 2 times (x 77B)
Class com.android.tools.idea.projectsystem.gradle.sync.PerformanceMeasurementUtilKt   : loaded 2 times (x 73B)
Class com.android.tools.idea.gradle.project.sync.AgpVersionTooNew                     : loaded 2 times (x 84B)
Class com.android.tools.idea.gradle.model.impl.IdeDependenciesCoreDirect              : loaded 2 times (x 81B)
Class org.gradle.internal.classpath.ClassPath                                         : loaded 2 times (x 72B)
Class Settings_gradle$1                                                               : loaded 2 times (x 76B)
Class com.google.gson.internal.bind.JsonTreeWriter                                    : loaded 2 times (x 100B)
Class com.google.gson.internal.bind.ArrayTypeAdapter$1                                : loaded 2 times (x 77B)
Class com.google.common.cache.CacheBuilder                                            : loaded 2 times (x 74B)
Class org.gradle.tooling.internal.consumer.versioning.ModelMapping$DefaultModelIdentifier: loaded 2 times (x 78B)
Class com.intellij.gradle.toolingExtension.modelAction.GradleProjectLoadedModelFetchPhase: loaded 2 times (x 83B)
Class com.google.gson.internal.reflect.ReflectionHelper$RecordNotSupportedHelper      : loaded 2 times (x 80B)
Class [Lorg.objectweb.asm.AnnotationWriter;                                           : loaded 2 times (x 71B)
Class com.google.gson.JsonIOException                                                 : loaded 2 times (x 84B)
Class com.google.common.collect.Maps$8                                                : loaded 2 times (x 84B)
Class com.intellij.openapi.util.io.FileUtilRt$RepeatableIOOperation                   : loaded 2 times (x 72B)
Class com.android.tools.idea.gradle.project.sync.BasicIncompleteGradleModule          : loaded 2 times (x 75B)
Class com.intellij.openapi.util.io.FileUtilRt$SymlinkResolver                         : loaded 2 times (x 72B)
Class com.android.tools.idea.gradle.model.IdeJavaLibraryImpl                          : loaded 2 times (x 94B)
Class com.android.tools.idea.gradle.model.IdeJavaCompileOptions                       : loaded 2 times (x 72B)
Class com.android.tools.idea.gradle.project.sync.ModelCacheV2ImplKt$modelCacheV2Impl$variantCoreFrom$9: loaded 2 times (x 131B)
Class com.android.builder.model.v2.models.HostJarTestSuiteSource                      : loaded 2 times (x 72B)
Class com.android.tools.idea.gradle.model.IdeArtifactName$Companion                   : loaded 2 times (x 73B)
Class [Lcom.android.tools.idea.gradle.model.impl.IdeModuleWellKnownSourceSet;         : loaded 2 times (x 71B)
Class com.android.tools.idea.gradle.project.sync.ModelCacheV1ImplKt                   : loaded 2 times (x 73B)
Class com.amazon.ion.impl.bin.IonManagedBinaryWriter$UserState                        : loaded 2 times (x 87B)
Class org.gradle.tooling.model.cpp.CppComponent                                       : loaded 2 times (x 72B)
Class org.gradle.tooling.model.Launchable                                             : loaded 2 times (x 72B)
Class com.android.tools.idea.gradle.model.impl.IdeBasicVariantImpl                    : loaded 2 times (x 81B)
Class org.gradle.api.internal.ClassPathRegistry                                       : loaded 2 times (x 72B)
Class org.gradle.internal.classpath.DefaultClassPath$ImmutableUniqueList              : loaded 2 times (x 201B)
Class com.google.common.primitives.IntsMethodsForWeb                                  : loaded 2 times (x 73B)
Class com.google.common.collect.Sets$SetView                                          : loaded 2 times (x 141B)
Class com.google.common.cache.LocalCache$StrongValueReference                         : loaded 2 times (x 92B)
Class org.jetbrains.plugins.gradle.model.GradleConvention                             : loaded 2 times (x 72B)
Class com.android.tools.idea.gradle.project.sync.LibraryIdentity$LibraryIdentityProvider: loaded 2 times (x 74B)
Class org.gradle.tooling.model.SourceDirectory                                        : loaded 2 times (x 72B)
Class com.intellij.openapi.util.io.FileUtilRt                                         : loaded 2 times (x 73B)
Class com.google.common.collect.ImmutableMultimap$Keys                                : loaded 2 times (x 168B)
Class org.gradle.tooling.internal.consumer.connection.UnparameterizedBuildController  : loaded 2 times (x 114B)
Class org.gradle.internal.impldep.com.google.common.base.Preconditions                : loaded 2 times (x 73B)
Class org.gradle.tooling.model.idea.IdeaSingleEntryLibraryDependency                  : loaded 2 times (x 72B)
Class org.gradle.tooling.model.ExternalDependency                                     : loaded 2 times (x 72B)
Class com.android.tools.idea.gradle.project.sync.ModelConsumerVersion                 : loaded 2 times (x 77B)
Class org.objectweb.asm.Type                                                          : loaded 2 times (x 74B)
Class com.google.gson.LongSerializationPolicy$1                                       : loaded 2 times (x 82B)
Class org.gradle.internal.classloader.VisitableURLClassLoader$InstrumentingVisitableURLClassLoader: loaded 2 times (x 124B)
Class com.android.tools.idea.gradle.project.sync.AllVariantsSyncActionOptions         : loaded 2 times (x 75B)
Class com.android.tools.idea.gradle.model.impl.IdeProductFlavorImpl                   : loaded 2 times (x 103B)
Class com.intellij.gradle.toolingExtension.impl.modelSerialization.SerializationServiceNotFoundException: loaded 2 times (x 84B)
Class com.android.tools.idea.projectsystem.gradle.sync.Counter                        : loaded 2 times (x 74B)
Class com.android.builder.model.ProjectSyncIssues                                     : loaded 2 times (x 72B)
Class com.android.tools.idea.gradle.project.sync.ArtifactDependenciesCompat$AdjacencyList: loaded 2 times (x 74B)
Class com.android.tools.idea.gradle.project.sync.ModelCacheV2ImplKt$modelCacheV2Impl$createFromDependencies$1$LibrariesByType: loaded 2 times (x 74B)
Class org.gradle.api.internal.DefaultClassPathRegistry                                : loaded 2 times (x 78B)
Class com.google.gson.ToNumberPolicy                                                  : loaded 2 times (x 85B)
Class [Lcom.google.gson.ToNumberPolicy;                                               : loaded 2 times (x 71B)
Class com.google.common.cache.RemovalListener                                         : loaded 2 times (x 72B)
Class com.intellij.gradle.toolingExtension.impl.model.taskModel.GradleTaskModelProvider: loaded 2 times (x 80B)
Class com.google.common.math.IntMath$1                                                : loaded 2 times (x 73B)
Class org.objectweb.asm.ByteVector                                                    : loaded 2 times (x 81B)
Class [Lcom.google.common.cache.CacheBuilder$NullListener;                            : loaded 2 times (x 71B)
Class com.google.gson.LongSerializationPolicy$2                                       : loaded 2 times (x 82B)
Class [Lcom.amazon.ion.impl.bin.IonRawBinaryWriter$StreamFlushMode;                   : loaded 2 times (x 71B)
Class com.amazon.ion.UnsupportedIonVersionException                                   : loaded 2 times (x 87B)
Class org.gradle.internal.classloader.VisitableURLClassLoader$Spec                    : loaded 2 times (x 76B)
Class org.gradle.internal.classpath.DefaultClassPath                                  : loaded 2 times (x 92B)
Class com.android.tools.idea.gradle.project.sync.SyncActionRunnerKt                   : loaded 2 times (x 73B)
Class com.android.tools.idea.gradle.model.IdeAndroidLibrary                           : loaded 2 times (x 72B)
Class com.android.builder.model.Variant                                               : loaded 2 times (x 72B)
Class [Lcom.android.tools.idea.gradle.project.sync.AndroidModule$NativeModelVersion;  : loaded 2 times (x 71B)
Class com.android.tools.idea.gradle.model.impl.IdeAndroidProjectImpl$Companion        : loaded 2 times (x 73B)
Class com.android.tools.idea.gradle.model.impl.IdeAaptOptionsImpl                     : loaded 2 times (x 77B)
Class com.android.tools.idea.gradle.project.sync.ModelCacheKt                         : loaded 2 times (x 73B)
Class com.google.common.collect.ImmutableMap$Builder                                  : loaded 2 times (x 84B)
Class com.google.common.util.concurrent.AbstractFuture$Cancellation                   : loaded 2 times (x 74B)
Class org.gradle.tooling.internal.adapter.ProtocolToModelAdapter$BeanMixInMethodInvoker: loaded 2 times (x 78B)
Class com.intellij.gradle.toolingExtension.impl.modelAction.GradleModelId             : loaded 2 times (x 74B)
Class com.android.builder.model.v2.ide.JUnitEngineInfo                                : loaded 2 times (x 72B)
Class com.android.tools.idea.gradle.project.sync.AndroidModule$V2                     : loaded 2 times (x 90B)
Class com.google.common.cache.Cache                                                   : loaded 2 times (x 72B)
Class com.google.common.cache.LocalCache$Strength                                     : loaded 2 times (x 83B)
Class org.gradle.tooling.internal.consumer.versioning.VersionDetails$R26VersionDetails: loaded 2 times (x 82B)
Class org.objectweb.asm.Symbol                                                        : loaded 2 times (x 75B)
Class com.amazon.ion.impl.bin.IonManagedBinaryWriter$SymbolState                      : loaded 2 times (x 82B)
Class com.google.common.base.Stopwatch                                                : loaded 2 times (x 74B)
Class com.android.tools.idea.gradle.model.impl.IdeVariantCoreSerializable             : loaded 2 times (x 72B)
Class com.android.builder.model.v2.models.ndk.NativeBuildSystem                       : loaded 2 times (x 81B)
Class org.jetbrains.plugins.gradle.model.GradleLightBuild                             : loaded 2 times (x 72B)
Class com.android.tools.idea.gradle.model.IdeCompositeBuildMap                        : loaded 2 times (x 72B)
Class org.gradle.tooling.model.cpp.CppBinary                                          : loaded 2 times (x 72B)
Class org.jetbrains.plugins.gradle.model.DefaultGradleLightProject                    : loaded 2 times (x 86B)
Class [Lcom.google.gson.Strictness;                                                   : loaded 2 times (x 71B)
Class com.google.gson.reflect.TypeToken                                               : loaded 2 times (x 77B)
Class com.google.common.collect.RegularImmutableMap$Values                            : loaded 2 times (x 209B)
Class org.gradle.internal.classloader.ClassLoaderSpec                                 : loaded 2 times (x 73B)
Class com.android.tools.idea.gradle.project.sync.AndroidModule$V1                     : loaded 2 times (x 90B)
Class com.intellij.openapi.util.SystemInfoRt                                          : loaded 2 times (x 73B)
Class com.android.tools.idea.gradle.model.LibraryReference                            : loaded 2 times (x 74B)
Class com.android.tools.idea.gradle.model.IdeAaptOptions                              : loaded 2 times (x 72B)
Class com.android.builder.model.v2.ide.TestSuite                                      : loaded 2 times (x 72B)
Class com.google.common.collect.SortedLists$KeyAbsentBehavior$1                       : loaded 2 times (x 82B)
Class com.intellij.openapi.diagnostic.Logger                                          : loaded 2 times (x 101B)
Class kotlin.sequences.DistinctIterator                                               : loaded 2 times (x 85B)
Class org.jetbrains.kotlin.idea.gradleTooling.IdeaKpmProjectProvider                  : loaded 2 times (x 80B)
Class org.objectweb.asm.AnnotationWriter                                              : loaded 2 times (x 80B)
Class com.google.common.cache.CacheStats                                              : loaded 2 times (x 73B)
Class com.google.gson.internal.sql.SqlTimestampTypeAdapter$1                          : loaded 2 times (x 77B)
Class com.google.gson.JsonPrimitive                                                   : loaded 2 times (x 95B)
Class com.android.tools.idea.gradle.project.sync.DeliverableAndroidModule             : loaded 2 times (x 78B)
Class org.gradle.api.internal.classpath.UnknownModuleException                        : loaded 2 times (x 84B)
Class [Lcom.android.tools.idea.gradle.model.ClasspathType;                            : loaded 2 times (x 71B)
Class [Lcom.android.builder.model.v2.models.ndk.NativeBuildSystem;                    : loaded 2 times (x 71B)
Class com.google.common.cache.Weigher                                                 : loaded 2 times (x 72B)
Class [Lcom.android.tools.idea.gradle.model.IdeArtifactName;                          : loaded 2 times (x 71B)
Class com.google.common.collect.SortedLists$KeyAbsentBehavior$2                       : loaded 2 times (x 82B)
Class com.google.common.collect.Cut$AboveAll                                          : loaded 2 times (x 90B)
Class com.android.tools.idea.gradle.project.sync.AndroidExtraModelProvider            : loaded 2 times (x 81B)
Class org.gradle.tooling.internal.consumer.versioning.VersionDetails$R48VersionDetails: loaded 2 times (x 82B)
Class com.android.tools.idea.gradle.project.sync.BuildModelsAndMap                    : loaded 2 times (x 74B)
Class com.android.builder.model.v2.models.BasicTestSuite                              : loaded 2 times (x 72B)
Class com.android.tools.idea.gradle.project.sync.SyncCounters                         : loaded 2 times (x 74B)
Class org.jetbrains.plugins.gradle.model.DefaultBuildController                       : loaded 2 times (x 108B)
Class [Lcom.android.tools.idea.gradle.model.IdeAaptOptions$Namespacing;               : loaded 2 times (x 71B)
Class com.android.tools.idea.gradle.model.impl.IdeDependencyCoreImpl                  : loaded 2 times (x 78B)
Class org.gradle.tooling.internal.consumer.connection.FetchAwareBuildControllerAdapter: loaded 2 times (x 114B)
Class com.intellij.gradle.toolingExtension.modelProvider.GradleClassBuildModelProvider: loaded 2 times (x 82B)
Class com.google.common.collect.ImmutableMultisetGwtSerializationDependencies         : loaded 2 times (x 127B)
Class [Lcom.google.gson.ReflectionAccessFilter$FilterResult;                          : loaded 2 times (x 71B)
Class org.objectweb.asm.RecordComponentWriter                                         : loaded 2 times (x 79B)
Class com.google.common.util.concurrent.AbstractFuture$Listener                       : loaded 2 times (x 74B)
Class com.google.gson.JsonElement                                                     : loaded 2 times (x 94B)
Class Settings_gradle$1$1                                                             : loaded 2 times (x 76B)
Class org.gradle.api.internal.classpath.Module$ModuleAlias                            : loaded 2 times (x 72B)
Class com.android.tools.idea.gradle.project.sync.DeliverableJavaModule                : loaded 2 times (x 78B)
Class com.intellij.openapi.util.io.FileUtil                                           : loaded 2 times (x 73B)
Class org.gradle.api.internal.classpath.Module                                        : loaded 2 times (x 72B)
Class com.google.common.collect.ImmutableMapEntrySet                                  : loaded 2 times (x 154B)
Class com.android.builder.model.v2.ide.TestSuiteArtifact                              : loaded 2 times (x 72B)
Class com.google.common.collect.SortedLists$KeyAbsentBehavior$3                       : loaded 2 times (x 82B)
Class com.google.gson.internal.ObjectConstructor                                      : loaded 2 times (x 72B)
Class com.intellij.gradle.toolingExtension.impl.modelAction.GradleDaemonModelHolder$1 : loaded 2 times (x 80B)
Class org.gradle.tooling.model.java.InstalledJdk                                      : loaded 2 times (x 72B)
Class com.intellij.openapi.diagnostic.Logger$Factory                                  : loaded 2 times (x 72B)
Class com.amazon.ion.impl.lite.IonContext                                             : loaded 2 times (x 72B)
Class com.amazon.ion.impl.lite.IonLoaderLite                                          : loaded 2 times (x 84B)
Class com.android.tools.idea.gradle.project.sync.AndroidExtraModelProviderImpl        : loaded 2 times (x 74B)
Class org.objectweb.asm.Attribute                                                     : loaded 2 times (x 79B)
Class com.google.common.base.Supplier                                                 : loaded 2 times (x 72B)
Class com.google.gson.internal.bind.CollectionTypeAdapterFactory                      : loaded 2 times (x 77B)
Class org.gradle.internal.classloader.VisitableURLClassLoader                         : loaded 2 times (x 118B)
Class com.amazon.ion.impl.bin.utf8.Utf8StringEncoderPool$1                            : loaded 2 times (x 78B)
Class com.google.common.collect.ArrayListMultimapGwtSerializationDependencies         : loaded 2 times (x 173B)
Class com.google.common.collect.Multiset                                              : loaded 2 times (x 72B)
Class com.intellij.openapi.util.io.FileUtil$1                                         : loaded 2 times (x 79B)
Class com.google.common.math.MathPreconditions                                        : loaded 2 times (x 73B)
Class com.google.common.collect.ObjectArrays                                          : loaded 2 times (x 73B)
Class org.jetbrains.kotlin.idea.projectModel.KotlinTarget                             : loaded 2 times (x 72B)
Class com.android.tools.idea.gradle.model.ResolverType                                : loaded 2 times (x 81B)
Class com.amazon.ion.impl.bin.Block                                                   : loaded 2 times (x 81B)
Class com.intellij.gradle.toolingExtension.impl.modelSerialization.ToolingSerializer  : loaded 2 times (x 74B)
Class com.google.common.primitives.Ints                                               : loaded 2 times (x 73B)
Class org.gradle.tooling.internal.consumer.connection.InternalPhasedActionAdapter     : loaded 2 times (x 80B)
Class com.intellij.gradle.toolingExtension.impl.util.GradleTreeTraverserUtil          : loaded 2 times (x 73B)
Class com.android.tools.idea.gradle.model.impl.FileImplKt                             : loaded 2 times (x 73B)
Class Settings_gradle                                                                 : loaded 2 times (x 126B)
Class org.gradle.api.internal.classpath.DefaultModuleRegistry$DefaultModule           : loaded 2 times (x 84B)
Class org.jetbrains.kotlin.gradle.idea.kpm.IdeaKpmProjectContainer                    : loaded 2 times (x 72B)
Class com.android.tools.idea.gradle.project.sync.IndexedModels                        : loaded 2 times (x 74B)
Class com.amazon.ion.impl.bin.PooledBlockAllocatorProvider$PooledBlockAllocator$1     : loaded 2 times (x 81B)
Class com.intellij.openapi.util.io.FileUtil$2                                         : loaded 2 times (x 84B)
Class com.android.tools.idea.gradle.model.IdeUnresolvedUnknownLibrary                 : loaded 2 times (x 72B)
Class com.google.common.collect.BiMap                                                 : loaded 2 times (x 72B)
Class com.android.tools.idea.gradle.model.IdeAndroidProject                           : loaded 2 times (x 72B)
Class com.google.common.collect.ImmutableMap$1                                        : loaded 2 times (x 83B)
Class com.google.common.collect.IndexedImmutableSet                                   : loaded 2 times (x 154B)
Class com.google.gson.TypeAdapter                                                     : loaded 2 times (x 75B)
Class com.google.gson.ToNumberStrategy                                                : loaded 2 times (x 72B)
Class com.google.common.base.Strings                                                  : loaded 2 times (x 73B)
Class com.google.common.collect.Sets                                                  : loaded 2 times (x 73B)
Class org.objectweb.asm.Handler                                                       : loaded 2 times (x 74B)
Class com.google.common.base.Ticker                                                   : loaded 2 times (x 74B)
Class com.google.gson.internal.bind.TreeTypeAdapter                                   : loaded 2 times (x 77B)
Class com.google.gson.internal.sql.SqlTimeTypeAdapter                                 : loaded 2 times (x 76B)
Class org.objectweb.asm.FieldVisitor                                                  : loaded 2 times (x 79B)
Class com.android.tools.idea.gradle.project.sync.ModuleId                             : loaded 2 times (x 74B)
Class com.android.tools.idea.gradle.model.IdeBuildType                                : loaded 2 times (x 72B)
Class com.intellij.util.containers.UtilKt                                             : loaded 2 times (x 73B)
Class com.android.tools.idea.gradle.model.impl.IdeSourceProviderContainerImpl         : loaded 2 times (x 78B)
Class com.android.tools.idea.gradle.project.sync.BasicModulesKt                       : loaded 2 times (x 73B)
Class com.android.tools.idea.gradle.project.upgrade.AndroidGradlePluginCompatibility  : loaded 2 times (x 81B)
Class com.google.common.collect.Cut$AboveValue                                        : loaded 2 times (x 90B)
Class com.android.tools.idea.gradle.project.sync.ArtifactRef                          : loaded 2 times (x 73B)
Class com.android.tools.idea.gradle.project.sync.ModelVersions                        : loaded 2 times (x 74B)
Class com.android.tools.idea.gradle.project.sync.VariantSelectionChange               : loaded 2 times (x 74B)
Class com.android.tools.idea.gradle.project.sync.InternedModels$nameLibraries$IdeModelAndReferenceAndIdentity: loaded 2 times (x 77B)
Class com.android.tools.idea.gradle.project.sync.GradleModulesKt                      : loaded 2 times (x 73B)
Class com.google.gson.internal.bind.ReflectiveTypeAdapterFactory$2                    : loaded 2 times (x 80B)
Class com.google.common.cache.CacheLoader$UnsupportedLoadingOperationException        : loaded 2 times (x 84B)
Class com.android.tools.idea.gradle.project.sync.SyncProjectActionOptions             : loaded 2 times (x 75B)
Class org.gradle.tooling.BuildController                                              : loaded 2 times (x 72B)
Class [Lcom.google.common.cache.LocalCache$Segment;                                   : loaded 2 times (x 71B)
Class [Lcom.google.common.cache.LocalCache$Strength;                                  : loaded 2 times (x 71B)
Class com.google.common.cache.CacheBuilder$1                                          : loaded 2 times (x 87B)
Class com.google.gson.internal.bind.TypeAdapters$20                                   : loaded 2 times (x 77B)
Class com.google.common.collect.ImmutableMap                                          : loaded 2 times (x 122B)
Class org.gradle.internal.classpath.DefaultClassPath$ImmutableUniqueList$Builder      : loaded 2 times (x 77B)
Class org.objectweb.asm.ClassWriter                                                   : loaded 2 times (x 107B)
Class com.google.common.collect.AbstractMapBasedMultimap$KeySet$1                     : loaded 2 times (x 84B)
Class com.android.tools.idea.gradle.project.sync.MeasurementCheckpoint                : loaded 2 times (x 81B)
Class com.android.tools.idea.gradle.project.sync.ModelCacheV2ImplKt$modelCacheV2Impl$createFromDependencies$1$LibraryWithDependencies: loaded 2 times (x 74B)
Class com.android.tools.idea.gradle.model.impl.IdeViewBindingOptionsImpl              : loaded 2 times (x 76B)
Class com.google.gson.internal.bind.ReflectiveTypeAdapterFactory$1                    : loaded 2 times (x 76B)
Class org.jetbrains.plugins.gradle.model.DefaultGradleLightBuild                      : loaded 2 times (x 84B)
Class com.android.tools.idea.gradle.project.sync.Modules                              : loaded 2 times (x 73B)
Class com.android.builder.model.v2.ide.BasicTestSuiteArtifact                         : loaded 2 times (x 72B)
Class com.android.builder.model.v2.ide.TestSuiteTestInfo                              : loaded 2 times (x 72B)
Class com.google.common.cache.LocalCache                                              : loaded 2 times (x 188B)
Class com.google.common.cache.CacheBuilder$2                                          : loaded 2 times (x 81B)
Class com.google.gson.internal.bind.TypeAdapters$21                                   : loaded 2 times (x 77B)
Class com.google.gson.FieldNamingPolicy$1                                             : loaded 2 times (x 85B)
Class com.amazon.ion.impl.lite.IonSequenceLite                                        : loaded 2 times (x 434B)
Class com.android.tools.idea.gradle.model.impl.IdeUnresolvedLibraryTableImpl          : loaded 2 times (x 77B)
Class com.android.tools.idea.gradle.project.sync.VariantSelectionKt                   : loaded 2 times (x 73B)
Class org.gradle.kotlin.dsl.VersionCatalogAccessorsKt                                 : loaded 2 times (x 73B)
Class com.android.tools.idea.gradle.project.sync.AndroidProjectResult$V2Project       : loaded 2 times (x 79B)
Class com.google.gson.internal.bind.DefaultDateTypeAdapter$DateType                   : loaded 2 times (x 75B)
Class com.android.tools.idea.gradle.project.sync.LibraryIdentity$LibraryIdentityProvider$special$$inlined$thenBy$1: loaded 2 times (x 92B)
Class com.google.common.util.concurrent.UncheckedExecutionException                   : loaded 2 times (x 84B)
Class org.jetbrains.kotlin.tooling.core.KotlinToolingVersion                          : loaded 2 times (x 77B)
Class org.gradle.tooling.internal.consumer.converters.FixedBuildIdentifierProvider    : loaded 2 times (x 77B)
Class io.opentelemetry.context.ForwardingExecutorService                              : loaded 2 times (x 106B)
Class com.android.tools.idea.gradle.project.sync.HasBasicGradleProject                : loaded 2 times (x 72B)
Class com.amazon.ion.impl.lite.IonStructLite                                          : loaded 2 times (x 300B)
Class com.google.common.util.concurrent.AbstractFuture$Trusted                        : loaded 2 times (x 72B)
Class com.android.tools.idea.gradle.model.impl.IdeBuildImpl                           : loaded 2 times (x 78B)
Class kotlin.collections.AbstractIterator                                             : loaded 2 times (x 85B)
Class com.google.common.collect.ArrayListMultimap                                     : loaded 2 times (x 173B)
Class com.google.common.cache.CacheBuilder$3                                          : loaded 2 times (x 74B)
Class com.google.gson.internal.bind.TypeAdapters$22                                   : loaded 2 times (x 77B)
Class com.google.gson.FieldNamingPolicy$2                                             : loaded 2 times (x 85B)
Class com.google.gson.internal.Excluder$1                                             : loaded 2 times (x 76B)
Class [Lcom.google.common.collect.AbstractMapEntry;                                   : loaded 2 times (x 71B)
Class com.google.common.collect.ImmutableEntry                                        : loaded 2 times (x 84B)
Class com.amazon.ion.impl.bin.utf8.Poolable                                           : loaded 2 times (x 81B)
Class com.google.gson.internal.sql.SqlTimeTypeAdapter$1                               : loaded 2 times (x 77B)
Class com.google.gson.internal.bind.MapTypeAdapterFactory$Adapter                     : loaded 2 times (x 76B)
Class com.android.tools.idea.gradle.model.IdeBasicVariant                             : loaded 2 times (x 72B)
Class com.android.tools.idea.gradle.model.IdeAaptOptions$Namespacing                  : loaded 2 times (x 81B)
Class com.android.tools.idea.gradle.model.impl.IdeJavaCompileOptionsImpl              : loaded 2 times (x 80B)
Class com.android.tools.idea.gradle.model.IdeApiVersion                               : loaded 2 times (x 72B)
Class com.android.ide.common.gradle.Component                                         : loaded 2 times (x 74B)
Class com.amazon.ion.impl.lite.IonContainerLite                                       : loaded 2 times (x 250B)
Class com.google.common.cache.LocalCache$2                                            : loaded 2 times (x 144B)
Class com.google.common.collect.AbstractMultimap                                      : loaded 2 times (x 125B)
Class org.gradle.tooling.model.eclipse.EclipseExternalDependency                      : loaded 2 times (x 72B)
Class org.gradle.tooling.internal.adapter.ProtocolToModelAdapter$TypeSpecificMappingAction: loaded 2 times (x 83B)
Class com.google.common.collect.Sets$ImprovedAbstractSet                              : loaded 2 times (x 137B)
Class com.google.common.collect.AbstractMapEntry                                      : loaded 2 times (x 83B)
Class org.gradle.tooling.internal.consumer.versioning.VersionDetails$R35VersionDetails: loaded 2 times (x 82B)
Class com.google.gson.internal.bind.TypeAdapterRuntimeTypeWrapper                     : loaded 2 times (x 76B)
Class com.google.gson.internal.bind.TypeAdapters$23                                   : loaded 2 times (x 77B)
Class com.google.gson.FieldNamingPolicy$3                                             : loaded 2 times (x 85B)
Class com.google.common.collect.CollectPreconditions                                  : loaded 2 times (x 73B)
Class com.google.common.cache.LocalCache$1                                            : loaded 2 times (x 91B)
Class com.android.tools.idea.gradle.project.sync.IdeModelFactoryV2Kt                  : loaded 2 times (x 73B)
Class com.google.common.collect.SingletonImmutableBiMap                               : loaded 2 times (x 145B)
Class com.google.common.base.Ascii                                                    : loaded 2 times (x 73B)
Class com.intellij.gradle.toolingExtension.impl.util.GradleExecutorServiceUtil        : loaded 2 times (x 73B)
Class com.android.tools.idea.gradle.project.sync.VariantDependenciesCompat$AdjacencyList: loaded 2 times (x 74B)
Class org.gradle.internal.service.ServiceLocator                                      : loaded 2 times (x 72B)
Class com.google.gson.stream.JsonWriter                                               : loaded 2 times (x 100B)
Class com.google.gson.internal.bind.TypeAdapters$24                                   : loaded 2 times (x 77B)
Class com.google.gson.FieldNamingPolicy$4                                             : loaded 2 times (x 85B)
Class com.google.common.collect.SortedMapDifference                                   : loaded 2 times (x 72B)
Class [Lorg.objectweb.asm.Type;                                                       : loaded 2 times (x 71B)
Class com.google.common.collect.Platform                                              : loaded 2 times (x 73B)
Class com.android.tools.idea.gradle.project.sync.IdeAndroidModels                     : loaded 2 times (x 74B)
Class com.android.tools.idea.gradle.project.sync.SyncProjectActionWorker$populateAndroidModels$3$1: loaded 2 times (x 131B)
Class com.android.tools.idea.gradle.model.IdeUnresolvedArtifactLibrary                : loaded 2 times (x 72B)
Class com.android.tools.idea.gradle.model.IdeBuildTasksAndOutputInformation           : loaded 2 times (x 72B)
Class [Lcom.android.tools.idea.gradle.model.IdeAndroidProjectType;                    : loaded 2 times (x 71B)
Class com.google.gson.internal.Primitives                                             : loaded 2 times (x 73B)
Class org.gradle.tooling.internal.consumer.connection.ParameterAwareBuildControllerAdapter: loaded 2 times (x 114B)
Class com.android.tools.idea.gradle.project.sync.ModelConverter                       : loaded 2 times (x 73B)
Class org.jetbrains.kotlin.idea.gradleTooling.KotlinDslScriptModelProvider            : loaded 2 times (x 80B)
Class com.google.common.cache.LocalCache$WriteThroughEntry                            : loaded 2 times (x 81B)
Class com.google.common.cache.LocalCache$HashIterator                                 : loaded 2 times (x 88B)
Class com.google.common.cache.LocalCache$EntryFactory                                 : loaded 2 times (x 85B)
Class com.google.gson.internal.bind.TypeAdapters$25                                   : loaded 2 times (x 77B)
Class com.google.gson.FieldNamingPolicy$5                                             : loaded 2 times (x 85B)
Class com.amazon.ion.impl.lite.IonLobLite                                             : loaded 2 times (x 187B)
Class com.android.tools.idea.gradle.project.sync.SyncActionRunnerKt$toMeasuringController$1: loaded 2 times (x 92B)
Class com.google.common.collect.TreeRangeSet$AsRanges                                 : loaded 2 times (x 151B)
Class com.android.tools.idea.gradle.model.impl.IdeModuleSourceSet                     : loaded 2 times (x 72B)
Class com.android.tools.idea.gradle.project.sync.AndroidModule$NativeModelVersion     : loaded 2 times (x 81B)
Class com.android.tools.idea.gradle.project.sync.IdeModelWithPostProcessor            : loaded 2 times (x 74B)
Class org.gradle.tooling.model.Task                                                   : loaded 2 times (x 72B)
Class com.android.tools.idea.gradle.model.impl.IdeModuleWellKnownSourceSet$Companion  : loaded 2 times (x 73B)
Class com.android.tools.idea.gradle.project.sync.NativeVariantAbiResult$None          : loaded 2 times (x 73B)
Class com.android.tools.idea.gradle.project.sync.VariantSelectionChange$Companion     : loaded 2 times (x 73B)
Class com.amazon.ion.impl.bin.IonRawBinaryWriter$ContainerType                        : loaded 2 times (x 81B)
Class org.jetbrains.kotlin.idea.projectModel.ExtraFeatures                            : loaded 2 times (x 72B)
Class com.google.common.cache.LocalCache$AbstractReferenceEntry                       : loaded 2 times (x 109B)
Class com.google.gson.internal.bind.ArrayTypeAdapter                                  : loaded 2 times (x 76B)
Class com.google.gson.internal.bind.TypeAdapters$26                                   : loaded 2 times (x 77B)
Class com.google.gson.FieldNamingPolicy$6                                             : loaded 2 times (x 85B)
Class [Lcom.amazon.ion.impl.bin.IonManagedBinaryWriter$UserState;                     : loaded 2 times (x 71B)
Class com.amazon.ion.impl.bin.utf8.Utf8StringEncoder                                  : loaded 2 times (x 82B)
Class com.android.tools.idea.gradle.model.impl.IdeBuildTasksAndOutputInformationImpl  : loaded 2 times (x 82B)
Class com.android.tools.idea.gradle.model.IdeMultiVariantData                         : loaded 2 times (x 72B)
Class com.android.tools.idea.gradle.project.sync.BuildTypeDef                         : loaded 2 times (x 74B)
Class com.android.tools.idea.gradle.project.sync.IdeModelFactoryV2                    : loaded 2 times (x 74B)
Class com.google.gson.GsonBuilder                                                     : loaded 2 times (x 74B)
Class com.google.gson.internal.bind.DefaultDateTypeAdapter                            : loaded 2 times (x 76B)
Class com.google.common.base.MoreObjects                                              : loaded 2 times (x 73B)
Class com.android.tools.idea.gradle.project.sync.SyncActionRunner$Companion           : loaded 2 times (x 73B)
Class com.android.tools.idea.gradle.project.sync.SyncActionRunner                     : loaded 2 times (x 78B)
Class com.google.common.collect.BaseImmutableMultimap                                 : loaded 2 times (x 125B)
Class com.google.common.collect.EmptyImmutableListMultimap                            : loaded 2 times (x 178B)
Class org.gradle.tooling.internal.consumer.converters.IdeaProjectJavaLanguageSettingsMixin: loaded 2 times (x 75B)
Class com.android.tools.idea.gradle.project.sync.GradleSyncStudioFlags                : loaded 2 times (x 74B)
Class com.android.tools.idea.gradle.project.sync.BuildInfo                            : loaded 2 times (x 74B)
Class com.intellij.gradle.toolingExtension.modelAction.GradleBuildFinishedModelFetchPhase: loaded 2 times (x 83B)
Class com.google.gson.internal.reflect.ReflectionHelper                               : loaded 2 times (x 73B)
Class org.objectweb.asm.SymbolTable                                                   : loaded 2 times (x 74B)
Class com.google.common.cache.CacheLoader$InvalidCacheLoadException                   : loaded 2 times (x 84B)
Class com.google.gson.internal.bind.TypeAdapters$27                                   : loaded 2 times (x 77B)
Class com.google.gson.FieldNamingPolicy$7                                             : loaded 2 times (x 85B)
Class com.amazon.ion.IonLoader                                                        : loaded 2 times (x 72B)
Class com.android.builder.model.v2.models.TestApkTestSuiteSource                      : loaded 2 times (x 72B)
Class com.android.tools.idea.gradle.project.sync.AndroidArtifactRef                   : loaded 2 times (x 74B)
Class com.android.tools.idea.gradle.project.sync.ModelCacheV2ImplKt                   : loaded 2 times (x 73B)
Class com.android.tools.idea.gradle.model.IdeSigningConfig                            : loaded 2 times (x 72B)
Class com.android.tools.idea.gradle.model.IdeLibrary                                  : loaded 2 times (x 72B)
Class ijInit1_bf6mh7a1x9afcdw40dx5hzd0g$_run_closure1                                 : loaded 2 times (x 141B)
Class com.google.common.cache.CacheLoader$FunctionToCacheLoader                       : loaded 2 times (x 77B)
Class com.google.common.collect.ImmutableListMultimap                                 : loaded 2 times (x 178B)
Class com.android.tools.idea.gradle.project.sync.SelectedVariants                     : loaded 2 times (x 74B)
Class com.intellij.gradle.toolingExtension.impl.modelSerialization.ToolingSerializer$1: loaded 2 times (x 78B)
Class com.android.tools.idea.gradle.model.IdeBuild                                    : loaded 2 times (x 72B)
Class com.android.tools.idea.gradle.project.sync.ModelCache                           : loaded 2 times (x 72B)
Class com.google.common.cache.LocalCache$StrongEntry                                  : loaded 2 times (x 110B)
Class com.google.common.util.concurrent.AbstractFuture$TrustedFuture                  : loaded 2 times (x 116B)
Class com.google.common.cache.LoadingCache                                            : loaded 2 times (x 72B)
Class [Lcom.google.gson.LongSerializationPolicy;                                      : loaded 2 times (x 71B)
Class com.android.tools.idea.gradle.project.sync.ModelFetchersKt$findKotlinModelsForAndroidProject$kaptModel$1: loaded 2 times (x 77B)
Class com.intellij.openapi.diagnostic.Logger$DefaultFactory                           : loaded 2 times (x 76B)
Class com.android.tools.idea.gradle.project.sync.LibraryIdentity$Companion            : loaded 2 times (x 73B)
Class com.android.tools.idea.gradle.model.impl.IdeModuleWellKnownSourceSet            : loaded 2 times (x 85B)
Class com.android.tools.idea.gradle.project.sync.InternedModels                       : loaded 2 times (x 74B)
Class com.android.tools.idea.gradle.project.sync.BasicV2AndroidModuleGradleProject    : loaded 2 times (x 75B)
Class com.android.tools.idea.gradle.model.impl.IdeDependenciesCoreImpl                : loaded 2 times (x 72B)
Class com.android.tools.idea.gradle.project.sync.AndroidProjectPathResolver           : loaded 2 times (x 72B)
Class com.android.tools.idea.gradle.project.sync.VariantDiscovery$prepareRequestedOrDefaultModuleConfigurations$$inlined$sortedBy$1: loaded 2 times (x 91B)
Class com.android.tools.idea.gradle.model.IdeArtifactName$Companion$WhenMappings      : loaded 2 times (x 73B)
Class org.gradle.internal.classloader.InstrumentingClassLoader                        : loaded 2 times (x 72B)
Class org.gradle.internal.classpath.TransformedClassPath                              : loaded 2 times (x 98B)
Class org.gradle.tooling.internal.consumer.connection.NestedActionAwareBuildControllerAdapter: loaded 2 times (x 114B)
Class org.gradle.tooling.internal.consumer.versioning.VersionDetails$R51VersionDetails: loaded 2 times (x 82B)
Class com.google.gson.LongSerializationPolicy                                         : loaded 2 times (x 82B)
Class com.google.common.cache.CacheBuilder$NullListener                               : loaded 2 times (x 84B)
Class org.gradle.tooling.internal.consumer.versioning.VersionDetails                  : loaded 2 times (x 82B)
Class org.objectweb.asm.MethodWriter                                                  : loaded 2 times (x 107B)
Class [Lcom.google.common.cache.Weigher;                                              : loaded 2 times (x 71B)
Class com.google.gson.internal.bind.MapTypeAdapterFactory                             : loaded 2 times (x 77B)
Class com.google.gson.internal.bind.TypeAdapters$29                                   : loaded 2 times (x 77B)
Class com.google.gson.JsonNull                                                        : loaded 2 times (x 94B)
Class com.google.common.collect.RegularImmutableMap$BucketOverflowException           : loaded 2 times (x 84B)
Class sync_studio_tooling7_5x4cvpy5rpwtudg0r6hgccv5x$_run_closure1                    : loaded 2 times (x 140B)
Class org.objectweb.asm.FieldWriter                                                   : loaded 2 times (x 79B)
Class kotlin.coroutines.jvm.internal.CoroutineDumpState                               : loaded 2 times (x 73B)
Class org.gradle.tooling.model.idea.IdeaContentRoot                                   : loaded 2 times (x 72B)
Class com.android.tools.idea.gradle.project.sync.DeliverableGradleModule              : loaded 2 times (x 78B)
Class com.intellij.openapi.diagnostic.LogLevel                                        : loaded 2 times (x 81B)
Class com.android.tools.idea.gradle.model.IdeUnknownLibraryImpl                       : loaded 2 times (x 85B)
Class com.android.tools.idea.gradle.model.IdeArtifactName                             : loaded 2 times (x 81B)
Class com.android.tools.idea.gradle.project.sync.VariantDiscoveryKt                   : loaded 2 times (x 73B)
Class com.android.tools.idea.gradle.project.sync.HasAndroidVariantResolver            : loaded 2 times (x 72B)
Class com.amazon.ion.IonDatagram                                                      : loaded 2 times (x 72B)
Class com.google.common.collect.Cut                                                   : loaded 2 times (x 90B)
Class com.google.common.collect.MapDifference                                         : loaded 2 times (x 72B)
Class com.google.common.cache.LocalCache$Strength$3                                   : loaded 2 times (x 83B)
Class com.google.common.collect.ImmutableMultimap$1                                   : loaded 2 times (x 84B)
Class com.amazon.ion.impl.bin.utf8.Utf8StringEncoderPool                              : loaded 2 times (x 76B)
Class ijInit1_bf6mh7a1x9afcdw40dx5hzd0g                                               : loaded 2 times (x 173B)
Class com.intellij.openapi.util.Pair                                                  : loaded 2 times (x 74B)
Class com.google.common.collect.ComparisonChain$1                                     : loaded 2 times (x 83B)
Class com.android.tools.idea.gradle.model.IdeAndroidProjectType                       : loaded 2 times (x 81B)
Class com.android.tools.idea.gradle.project.sync.VariantDetails                       : loaded 2 times (x 74B)
Class com.android.tools.idea.gradle.model.impl.IdeVariantCoreImpl$Companion           : loaded 2 times (x 73B)
Class com.google.common.collect.Range$RangeLexOrdering                                : loaded 2 times (x 116B)
Class com.android.tools.idea.gradle.project.sync.ModelCacheV2ImplKt$modelCacheV2Impl$variantCoreFrom$15: loaded 2 times (x 131B)
Class com.android.tools.idea.gradle.project.sync.ModelResult$Context                  : loaded 2 times (x 72B)
Class com.android.tools.idea.gradle.project.sync.DeliverableGradleModule$ModelConsumer: loaded 2 times (x 74B)
Class com.google.common.cache.LocalCache$Strength$2                                   : loaded 2 times (x 83B)
Class com.google.common.util.concurrent.SettableFuture                                : loaded 2 times (x 116B)
Class org.jetbrains.kotlin.idea.gradleTooling.IdeaKotlinDependenciesContainer         : loaded 2 times (x 72B)
Class org.jetbrains.plugins.gradle.model.ProjectImportModelProvider$GradleModelConsumer$1: loaded 2 times (x 79B)
Class com.android.tools.idea.gradle.project.sync.AndroidExtraModelProviderKt$flattenDag$2: loaded 2 times (x 97B)
Class com.google.common.collect.ImmutableMultimap$2                                   : loaded 2 times (x 83B)
Class com.google.common.collect.RegularImmutableBiMap                                 : loaded 2 times (x 150B)
Class com.google.common.cache.LocalCache$ValueReference                               : loaded 2 times (x 72B)
Class com.google.gson.internal.bind.DefaultDateTypeAdapter$DateType$1                 : loaded 2 times (x 75B)
Class com.android.tools.idea.gradle.model.IdeVariantBuildInformation                  : loaded 2 times (x 72B)
Class org.jetbrains.plugins.gradle.model.tests.ExternalTestSourceMapping              : loaded 2 times (x 72B)
Class com.android.tools.idea.gradle.project.sync.VariantDependenciesCompat            : loaded 2 times (x 74B)
Class com.google.common.cache.LocalCache$Strength$1                                   : loaded 2 times (x 83B)
Class com.android.tools.idea.gradle.model.IdeDependenciesInfo                         : loaded 2 times (x 72B)
Class org.objectweb.asm.ModuleVisitor                                                 : loaded 2 times (x 83B)
Class com.google.common.collect.Sets$4                                                : loaded 2 times (x 143B)
Class com.android.tools.idea.gradle.model.IdeVariantHeader                            : loaded 2 times (x 72B)
Class org.gradle.internal.service.UnknownServiceException                             : loaded 2 times (x 85B)
Class com.google.common.cache.LocalCache$LocalLoadingCache                            : loaded 2 times (x 136B)
Class com.google.common.collect.Sets$3                                                : loaded 2 times (x 143B)
Class [Lorg.objectweb.asm.AnnotationVisitor;                                          : loaded 2 times (x 71B)
Class com.google.common.hash.PrimitiveSink                                            : loaded 2 times (x 72B)
Class com.google.common.base.PatternCompiler                                          : loaded 2 times (x 72B)
Class com.google.common.util.concurrent.AbstractFuture$Failure                        : loaded 2 times (x 74B)
Class com.google.common.base.Equivalence$Equals                                       : loaded 2 times (x 84B)
Class com.google.gson.internal.LazilyParsedNumber                                     : loaded 2 times (x 80B)
Class com.google.common.collect.Hashing                                               : loaded 2 times (x 73B)
Class com.amazon.ion.impl.bin.IonRawBinaryWriter$StreamCloseMode                      : loaded 2 times (x 81B)
Class com.android.tools.idea.gradle.project.sync.ModelProviderCachedData              : loaded 2 times (x 74B)
Class com.android.tools.idea.gradle.project.sync.SyncTestMode                         : loaded 2 times (x 81B)
Class org.jetbrains.plugins.gradle.model.ExternalSourceDirectorySet                   : loaded 2 times (x 72B)
Class com.android.tools.idea.gradle.project.sync.ModelCacheV2ImplKt$modelCacheV2Impl$variantCoreFrom$12: loaded 2 times (x 131B)
Class [Lcom.android.tools.idea.gradle.model.ResolverType;                             : loaded 2 times (x 71B)
Class com.android.tools.idea.gradle.project.sync.LibraryIdentity                      : loaded 2 times (x 74B)
Class com.android.tools.idea.gradle.model.IdeVariantCore                              : loaded 2 times (x 72B)
Class com.android.tools.idea.gradle.project.sync.ModelResult$Companion                : loaded 2 times (x 73B)
Class com.android.tools.idea.gradle.project.sync.AndroidProjectResultKt               : loaded 2 times (x 73B)
Class com.android.tools.idea.gradle.project.upgrade.AndroidGradlePluginCompatibilityKt: loaded 2 times (x 73B)
Class com.android.tools.idea.gradle.project.sync.BasicIncompleteAndroidModule         : loaded 2 times (x 75B)
Class com.android.tools.idea.gradle.project.sync.ModuleConfiguration                  : loaded 2 times (x 74B)
Class org.gradle.api.internal.ClassPathProvider                                       : loaded 2 times (x 72B)
Class com.android.tools.idea.gradle.project.sync.ActionToRun$toSafeController$1       : loaded 2 times (x 92B)
Class org.gradle.tooling.model.GradleTask                                             : loaded 2 times (x 72B)
Class [Lorg.gradle.api.internal.ClassPathProvider;                                    : loaded 2 times (x 71B)
Class com.google.gson.FieldNamingStrategy                                             : loaded 2 times (x 72B)
Class com.google.gson.JsonArray                                                       : loaded 2 times (x 102B)
Class com.google.common.collect.Sets$2                                                : loaded 2 times (x 143B)
Class com.android.builder.model.AndroidProject                                        : loaded 2 times (x 72B)
Class org.objectweb.asm.Label                                                         : loaded 2 times (x 75B)
Class org.objectweb.asm.CurrentFrame                                                  : loaded 2 times (x 75B)
Class org.objectweb.asm.ClassTooLargeException                                        : loaded 2 times (x 84B)
Class com.google.gson.stream.JsonReader                                               : loaded 2 times (x 99B)
Class com.amazon.ion.impl.bin.IonRawBinaryWriter$PatchPoint                           : loaded 2 times (x 74B)
Class com.google.common.collect.TreeRangeSet                                          : loaded 2 times (x 117B)
Class com.android.tools.idea.gradle.project.sync.DefaultVariantsKt$getDefaultVariant$$inlined$thenBy$2: loaded 2 times (x 92B)
Class com.android.tools.idea.gradle.model.impl.IdeAndroidProjectImpl                  : loaded 2 times (x 109B)
Class com.android.tools.idea.gradle.project.sync.VariantDiscovery                     : loaded 2 times (x 74B)
Class com.android.tools.idea.gradle.project.sync.DependencyGraphCompat                : loaded 2 times (x 73B)
Class com.android.tools.idea.gradle.project.sync.ModelFetchersKt$findKotlinModelsForAndroidProject$kotlinModel$1: loaded 2 times (x 77B)
Class org.gradle.api.internal.DefaultClassPathProvider                                : loaded 2 times (x 78B)
Class com.android.tools.idea.gradle.project.sync.VariantNameResolutionKt$buildVariantNameResolver$1: loaded 2 times (x 77B)
Class com.android.tools.idea.gradle.model.impl.IdeVariantBuildInformationImpl         : loaded 2 times (x 78B)
Class sync_studio_tooling6_41lfzyvwon1xw1ayv8p3my4hs                                  : loaded 2 times (x 173B)
Class com.amazon.ion.impl._Private_IonContainer                                       : loaded 2 times (x 72B)
Class com.google.gson.FieldNamingPolicy                                               : loaded 2 times (x 85B)
Class com.google.gson.FormattingStyle                                                 : loaded 2 times (x 80B)
Class com.intellij.gradle.toolingExtension.impl.util.GradleModelProviderUtil          : loaded 2 times (x 73B)
Class com.google.gson.internal.bind.TypeAdapters                                      : loaded 2 times (x 73B)
Class com.google.gson.internal.reflect.ReflectionHelper$RecordSupportedHelper         : loaded 2 times (x 80B)
Class org.objectweb.asm.Frame                                                         : loaded 2 times (x 75B)
Class org.objectweb.asm.MethodVisitor                                                 : loaded 2 times (x 107B)
Class com.google.common.cache.LocalCache$EntryFactory$1                               : loaded 2 times (x 85B)
Class [Lcom.google.common.cache.RemovalListener;                                      : loaded 2 times (x 71B)
Class org.objectweb.asm.AnnotationVisitor                                             : loaded 2 times (x 80B)
Class com.android.tools.idea.gradle.project.sync.SyncVariantResult                    : loaded 2 times (x 74B)
Class com.google.common.collect.Sets$1                                                : loaded 2 times (x 143B)
Class com.android.tools.idea.gradle.model.impl.IdeVectorDrawablesOptionsImpl          : loaded 2 times (x 77B)
Class org.jetbrains.kotlin.idea.gradleTooling.model.kapt.KaptSourceSetModel           : loaded 2 times (x 72B)
Class org.jetbrains.kotlin.idea.projectModel.KotlinSwiftExportModel                   : loaded 2 times (x 72B)
Class org.gradle.tooling.internal.consumer.converters.ConsumerTargetTypeProvider      : loaded 2 times (x 78B)
Class com.google.common.collect.Cut$BelowValue                                        : loaded 2 times (x 90B)
Class com.google.common.collect.Iterators$PeekingImpl                                 : loaded 2 times (x 87B)
Class org.gradle.tooling.internal.consumer.versioning.VersionDetails$R28VersionDetails: loaded 2 times (x 82B)
Class com.android.tools.idea.gradle.project.sync.JavaModule                           : loaded 2 times (x 80B)
Class com.google.common.cache.LocalCache$EntryFactory$2                               : loaded 2 times (x 85B)
Class com.google.gson.internal.bind.JsonAdapterAnnotationTypeAdapterFactory           : loaded 2 times (x 77B)
Class com.android.tools.idea.gradle.project.sync.DefaultVariantsKt$getDefaultVariant$$inlined$thenBy$1: loaded 2 times (x 92B)
Class com.android.builder.model.v2.models.TestSuiteDependenciesAdjacencyList          : loaded 2 times (x 72B)
Class [Lcom.android.tools.idea.gradle.model.impl.IdeModuleSourceSet;                  : loaded 2 times (x 71B)
Class com.android.ide.common.gradle.Component$Companion                               : loaded 2 times (x 73B)
Class com.android.tools.idea.gradle.model.IdeLintOptions                              : loaded 2 times (x 72B)
Class com.android.tools.idea.gradle.project.sync.VariantAssetSourceProviderContext    : loaded 2 times (x 74B)
Class com.android.tools.idea.gradle.project.sync.DefaultVariantsKt$getDefaultVariant$$inlined$compareBy$1: loaded 2 times (x 92B)
Class com.android.builder.model.v2.dsl.ClassField                                     : loaded 2 times (x 72B)
Class com.google.common.collect.Cut$BelowAll                                          : loaded 2 times (x 90B)
Class com.android.tools.idea.gradle.project.sync.AndroidExtraModelProviderWorkerKt    : loaded 2 times (x 73B)
Class com.google.common.collect.ImmutableEnumMap                                      : loaded 2 times (x 128B)
Class org.jetbrains.plugins.gradle.tooling.util.ClassMap                              : loaded 2 times (x 74B)
Class com.google.common.collect.ListMultimap                                          : loaded 2 times (x 72B)
Class com.intellij.gradle.toolingExtension.modelAction.GradleModelFetchPhase$BuildFinished: loaded 2 times (x 72B)
Class org.jetbrains.kotlin.idea.projectModel.KotlinTarget$Companion                   : loaded 2 times (x 73B)
Class org.gradle.tooling.internal.adapter.ProtocolToModelAdapter$ClassMixInMethodInvoker: loaded 2 times (x 78B)
Class org.objectweb.asm.ModuleWriter                                                  : loaded 2 times (x 83B)
Class com.google.common.cache.LocalCache$EntryFactory$3                               : loaded 2 times (x 85B)
Class com.google.common.base.Ticker$1                                                 : loaded 2 times (x 74B)
Class com.google.gson.internal.bind.NumberTypeAdapter                                 : loaded 2 times (x 76B)
Class com.google.common.collect.Maps$BiMapConverter                                   : loaded 2 times (x 92B)
Class com.google.common.collect.ImmutableMapEntrySet$RegularEntrySet                  : loaded 2 times (x 154B)
Class com.amazon.ion.impl.lite.IonClobLite                                            : loaded 2 times (x 223B)
Class org.jetbrains.kotlin.idea.gradleTooling.AndroidAwareGradleModelProvider$populateModels$1: loaded 2 times (x 76B)
Class com.android.tools.idea.gradle.model.IdeBaseArtifactCore                         : loaded 2 times (x 72B)
Class com.android.tools.idea.gradle.model.IdeViewBindingOptions                       : loaded 2 times (x 72B)
Class com.android.tools.idea.gradle.model.IdeAndroidLibraryImpl$Companion             : loaded 2 times (x 73B)
Class com.android.tools.idea.gradle.model.IdeAndroidArtifactCore                      : loaded 2 times (x 72B)
Class com.android.tools.idea.gradle.model.impl.IdeApiVersionImpl                      : loaded 2 times (x 79B)
Class com.android.tools.idea.gradle.project.sync.AndroidProjectResult$Companion       : loaded 2 times (x 73B)
Class com.android.tools.idea.gradle.project.sync.SyncProjectActionWorker$populateAndroidModels$2$variantDiscovery$1: loaded 2 times (x 80B)
Class com.google.common.collect.SortedLists$KeyPresentBehavior$1                      : loaded 2 times (x 82B)
Class org.gradle.tooling.model.kotlin.dsl.EditorReportSeverity                        : loaded 2 times (x 81B)
Class com.intellij.gradle.toolingExtension.impl.modelAction.GradleDaemonModelHolder$ConvertedModel: loaded 2 times (x 74B)
Class org.gradle.tooling.internal.consumer.converters.EclipseExternalDependencyUnresolvedMixin: loaded 2 times (x 75B)
Class com.android.tools.idea.gradle.model.impl.IdeUnresolvedLibraryTable              : loaded 2 times (x 72B)
Class [Lcom.google.common.collect.ImmutableMapEntry;                                  : loaded 2 times (x 71B)
Class org.gradle.tooling.internal.consumer.versioning.VersionDetails$R44VersionDetails: loaded 2 times (x 82B)
Class org.jetbrains.kotlin.idea.projectModel.KotlinPlatform                           : loaded 2 times (x 81B)
Class com.google.gson.internal.bind.ObjectTypeAdapter                                 : loaded 2 times (x 76B)
Class com.google.common.collect.ImmutableSet$Builder                                  : loaded 2 times (x 87B)
Class com.google.common.cache.LocalCache$EntryFactory$4                               : loaded 2 times (x 85B)
Class com.google.gson.ToNumberPolicy$1                                                : loaded 2 times (x 85B)
Class [Lcom.google.gson.FieldNamingStrategy;                                          : loaded 2 times (x 71B)
Class com.google.gson.internal.Excluder                                               : loaded 2 times (x 77B)
Class com.intellij.gradle.toolingExtension.impl.model.sourceSetDependencyModel.GradleSourceSetDependencyModelProvider: loaded 2 times (x 81B)
Class com.android.tools.idea.gradle.model.IdeAndroidLibraryImplKt                     : loaded 2 times (x 73B)
Class com.android.tools.idea.gradle.model.IdeArtifactLibrary                          : loaded 2 times (x 72B)
Class org.jetbrains.kotlin.gradle.idea.tcs.IdeaKotlinDependencyCoordinates            : loaded 2 times (x 72B)
Class com.android.tools.idea.gradle.model.impl.IdeLintOptionsImpl                     : loaded 2 times (x 105B)
Class com.android.tools.idea.gradle.model.IdeSourceProviderContainer                  : loaded 2 times (x 72B)
Class com.google.common.collect.SortedLists$KeyPresentBehavior$2                      : loaded 2 times (x 82B)
Class com.intellij.gradle.toolingExtension.model.repositoryModel.RepositoryModel      : loaded 2 times (x 72B)
Class com.android.builder.model.v2.models.TestSuiteSource                             : loaded 2 times (x 72B)
Class com.android.tools.idea.gradle.model.IdeBuildTypeContainer                       : loaded 2 times (x 72B)
Class com.android.tools.idea.gradle.model.impl.IdeJavaArtifactCoreImpl                : loaded 2 times (x 93B)
Class org.gradle.tooling.model.build.BuildEnvironment                                 : loaded 2 times (x 72B)
Class com.intellij.gradle.toolingExtension.impl.model.sourceSetModel.GradleSourceSetModelProvider: loaded 2 times (x 81B)
Class com.google.gson.internal.ReflectionAccessFilterHelper                           : loaded 2 times (x 73B)
Class com.google.gson.internal.reflect.ReflectionHelper$RecordHelper                  : loaded 2 times (x 77B)
Class com.google.common.cache.LocalCache$EntryFactory$5                               : loaded 2 times (x 85B)
Class com.google.gson.ToNumberPolicy$2                                                : loaded 2 times (x 85B)
Class com.google.gson.internal.bind.TypeAdapters$32                                   : loaded 2 times (x 78B)
Class org.gradle.tooling.model.kotlin.dsl.EditorPosition                              : loaded 2 times (x 72B)
Class com.android.tools.idea.gradle.model.IdePreResolvedModuleLibrary                 : loaded 2 times (x 72B)
Class [Lcom.android.tools.idea.gradle.model.IdeTestOptions$Execution;                 : loaded 2 times (x 71B)
Class com.android.builder.model.v2.models.AssetsTestSuiteSource                       : loaded 2 times (x 72B)
Class org.gradle.internal.classloader.DefaultClassLoaderFactory                       : loaded 2 times (x 84B)
Class com.google.common.collect.SortedLists$KeyPresentBehavior$3                      : loaded 2 times (x 82B)
Class org.gradle.internal.impldep.com.google.common.base.Present                      : loaded 2 times (x 83B)
Class org.gradle.tooling.internal.consumer.connection.HasCompatibilityMapping         : loaded 2 times (x 75B)
Class [Lcom.amazon.ion.impl.bin.IonRawBinaryWriter$StreamCloseMode;                   : loaded 2 times (x 71B)
Class com.google.gson.JsonSyntaxException                                             : loaded 2 times (x 84B)
Class org.gradle.tooling.internal.consumer.connection.InternalBuildActionAdapter      : loaded 2 times (x 82B)
Class com.google.gson.internal.bind.TypeAdapters$31                                   : loaded 2 times (x 78B)
Class com.google.gson.internal.bind.ReflectiveTypeAdapterFactory$FieldsData           : loaded 2 times (x 74B)
Class com.google.common.cache.LocalCache$EntryFactory$6                               : loaded 2 times (x 85B)
Class com.google.gson.ToNumberPolicy$3                                                : loaded 2 times (x 85B)
Class org.gradle.internal.installation.CurrentGradleInstallationLocator               : loaded 2 times (x 73B)
Class com.android.tools.idea.gradle.project.sync.AllKotlinModels                      : loaded 2 times (x 74B)
Class com.google.gson.internal.bind.JsonAdapterAnnotationTypeAdapterFactory$DummyTypeAdapterFactory: loaded 2 times (x 77B)
Class com.google.common.collect.SortedLists                                           : loaded 2 times (x 73B)
Class [Lcom.google.common.collect.SortedLists$KeyPresentBehavior;                     : loaded 2 times (x 71B)
Class com.google.common.collect.SortedLists$KeyPresentBehavior$4                      : loaded 2 times (x 82B)
Class com.google.common.base.Suppliers                                                : loaded 2 times (x 73B)
Class org.gradle.tooling.model.idea.IdeaJavaLanguageSettings                          : loaded 2 times (x 72B)
Class [Lcom.google.common.cache.CacheBuilder$OneWeigher;                              : loaded 2 times (x 71B)
Class org.jetbrains.plugins.gradle.tooling.serialization.internal.adapter.kotlin.dsl.InternalKotlinDslScriptsModel: loaded 2 times (x 78B)
Class org.gradle.tooling.internal.adapter.ProtocolToModelAdapter$ChainedMethodInvoker : loaded 2 times (x 78B)
Class org.objectweb.asm.MethodTooLargeException                                       : loaded 2 times (x 84B)
Class com.google.common.base.Platform$JdkPatternCompiler                              : loaded 2 times (x 77B)
Class com.intellij.gradle.toolingExtension.impl.modelAction.GradleDaemonModelHolder   : loaded 2 times (x 78B)
Class com.google.common.collect.ImmutableMultimap$Builder                             : loaded 2 times (x 88B)
Class com.google.common.collect.Maps$KeySet                                           : loaded 2 times (x 139B)
Class com.google.common.collect.ImmutableSet$EmptySetBuilderImpl                      : loaded 2 times (x 78B)
Class com.google.common.cache.LocalCache$EntryFactory$7                               : loaded 2 times (x 85B)
Class com.google.gson.ToNumberPolicy$4                                                : loaded 2 times (x 85B)
Class [Lcom.amazon.ion.impl.bin.IonRawBinaryWriter$ContainerType;                     : loaded 2 times (x 71B)
Class org.gradle.internal.service.DefaultServiceLocator                               : loaded 2 times (x 85B)
Class org.gradle.tooling.model.kotlin.dsl.EditorReport                                : loaded 2 times (x 72B)
Class com.android.tools.idea.gradle.model.IdeBaseConfig                               : loaded 2 times (x 72B)
Class com.android.tools.idea.gradle.project.sync.GradleModelCollection                : loaded 2 times (x 72B)
Class com.android.tools.idea.gradle.project.sync.VariantNameResolutionKt              : loaded 2 times (x 73B)
Class com.intellij.util.ThrowableConsumer                                             : loaded 2 times (x 72B)
Class com.google.common.collect.SortedLists$KeyPresentBehavior$5                      : loaded 2 times (x 82B)
Class com.google.common.collect.ComparisonChain$InactiveComparisonChain               : loaded 2 times (x 82B)
Class com.google.gson.TypeAdapterFactory                                              : loaded 2 times (x 72B)
Class com.google.gson.internal.bind.JsonTreeReader                                    : loaded 2 times (x 99B)
Class org.jetbrains.plugins.gradle.model.FilePatternSet                               : loaded 2 times (x 72B)
Class org.jetbrains.plugins.gradle.model.GradleLightProject                           : loaded 2 times (x 72B)
Class com.google.gson.internal.bind.TypeAdapters$30                                   : loaded 2 times (x 78B)
Class com.android.tools.idea.gradle.project.sync.AdditionalClassifierArtifactsActionOptions: loaded 2 times (x 74B)
Class org.objectweb.asm.ClassVisitor                                                  : loaded 2 times (x 90B)
Class com.google.common.collect.ImmutableMultimap$EntryCollection                     : loaded 2 times (x 130B)
Class com.google.common.cache.LocalCache$EntryFactory$8                               : loaded 2 times (x 85B)
Class com.google.gson.internal.sql.SqlTypesSupport                                    : loaded 2 times (x 73B)
Class com.google.gson.Gson                                                            : loaded 2 times (x 74B)
Class com.amazon.ion.impl.bin.utf8.Utf8StringEncoder$Result                           : loaded 2 times (x 76B)
Class com.amazon.ion.impl.bin.utf8.Pool$Allocator                                     : loaded 2 times (x 72B)
Class org.gradle.internal.installation.CurrentGradleInstallation                      : loaded 2 times (x 75B)
Class [Lorg.objectweb.asm.Symbol;                                                     : loaded 2 times (x 71B)
Class com.android.tools.idea.gradle.model.IdeUnknownLibrary                           : loaded 2 times (x 72B)
Class org.gradle.tooling.internal.consumer.converters.IdeaModuleDependencyTargetNameMixin: loaded 2 times (x 75B)
Class com.android.tools.idea.gradle.project.sync.LibraryIdentity$LibraryIdentityProvider$special$$inlined$compareBy$1: loaded 2 times (x 92B)
Class com.android.tools.idea.gradle.project.sync.AgpVersionsMismatch                  : loaded 2 times (x 84B)
Class [Lcom.android.tools.idea.gradle.project.sync.ModelFeature;                      : loaded 2 times (x 71B)
Class com.android.tools.idea.gradle.project.sync.ModelCache$V2                        : loaded 2 times (x 72B)
Class com.android.tools.idea.gradle.project.sync.GradleInjectedSyncActionRunner       : loaded 2 times (x 72B)
Class kotlin.jvm.internal.FunctionAdapter                                             : loaded 2 times (x 72B)
Class com.android.ide.common.gradle.Module$Companion                                  : loaded 2 times (x 73B)
Class com.amazon.ion.impl.bin.IonManagedBinaryWriter$UserState$4                      : loaded 2 times (x 87B)
Class com.google.common.collect.ImmutableMap$MapViewOfValuesAsSingletonSets           : loaded 2 times (x 128B)
Class com.google.common.collect.RegularImmutableMap                                   : loaded 2 times (x 122B)
Class com.google.gson.stream.MalformedJsonException                                   : loaded 2 times (x 84B)
Class org.gradle.tooling.internal.consumer.connection.ToolingParameterProxy           : loaded 2 times (x 78B)
Class org.jetbrains.kotlin.idea.projectModel.KotlinTargetJar                          : loaded 2 times (x 72B)
Class com.google.common.cache.CacheLoader$1                                           : loaded 2 times (x 77B)
Class com.google.gson.Gson$1                                                          : loaded 2 times (x 78B)
Class com.amazon.ion.impl.bin.IonManagedBinaryWriter$ImportDescriptor                 : loaded 2 times (x 78B)
Class org.gradle.util.internal.GUtil                                                  : loaded 2 times (x 73B)
Class com.android.tools.idea.gradle.project.sync.VariantDef                           : loaded 2 times (x 74B)
Class com.android.tools.idea.gradle.project.sync.ClasspathIdentifier                  : loaded 2 times (x 74B)
Class com.android.tools.idea.gradle.project.sync.VariantDiscovery$toTraverseAction$1$1$moduleDependencies$1: loaded 2 times (x 131B)
Class com.amazon.ion.impl.bin.IonManagedBinaryWriter$UserState$3                      : loaded 2 times (x 87B)
Class com.android.tools.idea.gradle.project.sync.AndroidSdkBootClasspathUtilKt        : loaded 2 times (x 73B)
Class com.android.tools.idea.gradle.model.impl.IdeVariantCoreImpl                     : loaded 2 times (x 110B)
Class com.android.tools.idea.gradle.model.impl.IdeExtraSourceProviderImpl             : loaded 2 times (x 78B)
Class com.google.gson.JsonObject                                                      : loaded 2 times (x 95B)
Class com.android.tools.idea.gradle.project.sync.AgpVersionTooOld                     : loaded 2 times (x 84B)
Class com.google.common.util.concurrent.ExecutionError                                : loaded 2 times (x 84B)
Class com.google.common.collect.ImmutableEnumSet                                      : loaded 2 times (x 148B)
Class com.intellij.gradle.toolingExtension.modelAction.GradleModelFetchPhase$ProjectLoaded: loaded 2 times (x 72B)
Class com.intellij.gradle.toolingExtension.modelProvider.GradleClassProjectModelProvider: loaded 2 times (x 82B)
Class com.google.common.cache.AbstractCache$StatsCounter                              : loaded 2 times (x 72B)
Class com.google.gson.Gson$2                                                          : loaded 2 times (x 78B)
Class [Lcom.amazon.ion.impl.bin.IonManagedBinaryWriter$SymbolState;                   : loaded 2 times (x 71B)
Class com.android.tools.idea.gradle.model.impl.FileImpl                               : loaded 2 times (x 123B)
Class com.android.tools.idea.gradle.model.IdeVectorDrawablesOptions                   : loaded 2 times (x 72B)
Class com.android.builder.model.v2.ide.TestSuiteTarget                                : loaded 2 times (x 72B)
Class com.android.tools.idea.gradle.model.IdeSourceProvider                           : loaded 2 times (x 74B)
Class com.android.tools.idea.gradle.model.IdeTestOptions                              : loaded 2 times (x 72B)
Class com.intellij.openapi.diagnostic.DefaultLogger                                   : loaded 2 times (x 103B)
Class com.intellij.openapi.diagnostic.Attachment                                      : loaded 2 times (x 74B)
Class com.android.tools.idea.gradle.project.sync.GradleProject$ModelConsumer          : loaded 2 times (x 74B)
Class org.gradle.tooling.internal.consumer.converters.IncludedBuildsMixin             : loaded 2 times (x 76B)
Class sync_studio_tooling7_5x4cvpy5rpwtudg0r6hgccv5x                                  : loaded 2 times (x 173B)
Class org.gradle.internal.classloader.ClassLoaderHierarchy                            : loaded 2 times (x 72B)
Class com.amazon.ion.impl.bin.IonManagedBinaryWriter$UserState$2                      : loaded 2 times (x 87B)
Class org.gradle.tooling.model.gradle.BasicGradleProject                              : loaded 2 times (x 72B)
Class com.android.tools.idea.gradle.project.sync.HasLintJar                           : loaded 2 times (x 72B)
Class com.google.gson.internal.bind.ReflectiveTypeAdapterFactory$BoundField           : loaded 2 times (x 77B)
Class com.google.gson.Gson$3                                                          : loaded 2 times (x 77B)
Class org.gradle.internal.installation.GradleInstallation                             : loaded 2 times (x 77B)
Class com.android.tools.idea.gradle.project.sync.StandaloneDeliverableModel$Companion : loaded 2 times (x 73B)
Class com.android.tools.idea.gradle.project.sync.AgpCompatibilityKt                   : loaded 2 times (x 73B)
Class com.google.common.collect.ForwardingCollection                                  : loaded 2 times (x 132B)
Class com.android.tools.idea.gradle.project.sync.ModelFetchersKt$findNativeModuleModel$1: loaded 2 times (x 76B)
Class com.android.tools.idea.gradle.project.sync.VariantDiscovery$toProjectGraphAction$1$projectGraph$1: loaded 2 times (x 77B)
Class com.android.tools.idea.gradle.project.sync.VariantSelectionKt$getModuleDependencyConfigurations$generateDirectModuleDependencies$allDependencies$1: loaded 2 times (x 97B)
Class org.gradle.tooling.internal.adapter.ProtocolToModelAdapter$2                    : loaded 2 times (x 80B)
Class org.gradle.internal.classloader.FilteringClassLoader                            : loaded 2 times (x 106B)
Class com.google.common.collect.Iterables                                             : loaded 2 times (x 73B)
Class com.google.gson.internal.bind.DefaultDateTypeAdapter$1                          : loaded 2 times (x 77B)
Class com.google.gson.Gson$4                                                          : loaded 2 times (x 78B)
Class com.google.gson.internal.ConstructorConstructor                                 : loaded 2 times (x 74B)
Class com.amazon.ion.impl.lite.ContainerlessContext                                   : loaded 2 times (x 82B)
Class com.amazon.ion.impl.bin.IonManagedBinaryWriter$UserState$1                      : loaded 2 times (x 87B)
Class com.google.common.collect.RegularImmutableMap$KeySet                            : loaded 2 times (x 154B)
Class com.google.gson.internal.bind.ObjectTypeAdapter$1                               : loaded 2 times (x 78B)
Class com.google.common.base.Equivalence$Identity                                     : loaded 2 times (x 84B)
Class com.google.common.base.PairwiseEquivalence                                      : loaded 2 times (x 85B)
Class com.google.gson.Gson$FutureTypeAdapter                                          : loaded 2 times (x 78B)
Class org.jetbrains.plugins.gradle.model.ProjectImportModelProvider$GradleModelConsumer: loaded 2 times (x 72B)
Class com.android.tools.idea.gradle.project.sync.ModelFeature                         : loaded 2 times (x 81B)
Class com.android.tools.idea.gradle.model.impl.IdeBuildTypeImpl                       : loaded 2 times (x 95B)
Class com.android.tools.idea.gradle.model.impl.IdeAndroidArtifactCoreImpl             : loaded 2 times (x 105B)
Class com.amazon.ion.impl.bin.IntList                                                 : loaded 2 times (x 79B)
Class org.gradle.tooling.model.internal.Exceptions                                    : loaded 2 times (x 73B)
Class com.android.tools.idea.gradle.project.sync.ArtifactDependenciesCompat           : loaded 2 times (x 74B)
Class org.gradle.tooling.UnsupportedVersionException                                  : loaded 2 times (x 85B)
Class com.intellij.gradle.toolingExtension.impl.model.buildScriptClasspathModel.GradleBuildScriptClasspathModelProvider: loaded 2 times (x 81B)
Class com.intellij.gradle.toolingExtension.impl.modelAction.GradleModelFetchAction    : loaded 2 times (x 88B)
Class org.gradle.tooling.BuildAction                                                  : loaded 2 times (x 72B)
Class com.google.gson.ReflectionAccessFilter$FilterResult                             : loaded 2 times (x 81B)
Class com.google.gson.Gson$5                                                          : loaded 2 times (x 78B)
Class gnu.trove.PrimeFinder                                                           : loaded 2 times (x 73B)
Class com.amazon.ion.UnexpectedEofException                                           : loaded 2 times (x 86B)

---------------  S Y S T E M  ---------------

OS:
 Windows 11 , 64 bit Build 26100 (10.0.26100.9444)
OS uptime: 7 days 0:41 hours

CPU: total 8 (initial active 8) (8 cores per cpu, 2 threads per core) family 23 model 160 stepping 0 microcode 0x8a00006, cx8, cmov, fxsr, ht, mmx, 3dnowpref, sse, sse2, sse3, ssse3, sse4a, sse4.1, sse4.2, popcnt, lzcnt, tsc, tscinvbit, avx, avx2, aes, clmul, bmi1, bmi2, adx, sha, fma, vzeroupper, clflush, clflushopt, clwb, rdtscp, rdpid, f16c
Processor Information for the first 8 processors :
  Max Mhz: 2401, Current Mhz: 2401, Mhz Limit: 2401

Memory: 4k page, system-wide physical 3317M (496M free)
TotalPageFile size 13557M (AvailPageFile size 310M)
current process WorkingSet (physical memory assigned to process): 149M, peak: 381M
current process commit charge ("private bytes"): 620M, peak: 630M

vm_info: OpenJDK 64-Bit Server VM (25.0.3+-15898627-b508.16) for windows-amd64 JRE (25.0.3+-15898627-b508.16), built on 2026-07-20T17:54:23Z with MS VC++ 16.10 / 16.11 (VS2019)

END.
